image_id,category,prompt
0,Animals,Platypus 
1,Animals,Echidna 
2,Animals,Kangaroo
3,Animals,Wallaby
4,Animals,Koala
5,Animals,Wombat
6,Animals,Possum
7,Animals,Sugar Glider
8,Animals,Tasmanian Devil
9,Animals,Bandicoot 
10,Animals,Bilby
11,Animals,Elephant
12,Animals,Wooly Mammoth
13,Animals,Manatee
14,Animals,Dugong 
15,Animals,Aardvark
16,Animals,Hyrax
17,Animals,Armadillo
18,Animals,Sloth
19,Animals,Anteater
20,Animals,Rat
21,Animals,Mouse
22,Animals,Squirrel
23,Animals,Chipmunk
24,Animals,Beaver
25,Animals,Hamster
26,Animals,Guinea pig
27,Animals,Porcupine
28,Animals,Capybara
29,Animals,Gerbil
30,Animals,Chinchilla
31,Animals,Prairie dog
32,Animals,Groundhog
33,Animals,Gopher
34,Animals,Rabbit
35,Animals,Hare 
36,Animals,Pika
37,Animals,Chimpanzee
38,Animals,Gorilla
39,Animals,Orangutan
40,Animals,Bonobo
41,Animals,Gibbon
42,Animals,Monkey
43,Animals,Baboon
44,Animals,Macaque
45,Animals,Lemur
46,Animals,Tarsier
47,Animals,Bat
48,Animals,Dog
49,Animals,Wolf
50,Animals,Fox
51,Animals,Coyote
52,Animals,Jackal
53,Animals,Grizzly Bear
54,Animals,Polar bear
55,Animals,Panda
56,Animals,Cat
57,Animals,Lion
58,Animals,Tiger
59,Animals,Leopard
60,Animals,Cheetah
61,Animals,Jaguar
62,Animals,Hyena
63,Animals,Meerkat
64,Animals,Weasel
65,Animals,Ferret
66,Animals,Otter
67,Animals,Badger
68,Animals,Wolverine
69,Animals,Raccoon
70,Animals,Skunk
71,Animals,Seal
72,Animals,Sea lion
73,Animals,Walrus
74,Animals,Hedgehog
75,Animals,Mole
76,Animals,Shrew
77,Animals,Horse
78,Animals,Zebra
79,Animals,Donkey
80,Animals,Tapir
81,Animals,Rhinoceros
82,Animals,Cow
83,Animals,Bison
84,Animals,Buffalo
85,Animals,Yak
86,Animals,Sheep
87,Animals,Goat
88,Animals,Pig
89,Animals,Boar
90,Animals,Hippopotamus
91,Animals,Camel
92,Animals,Llama
93,Animals,Alpaca
94,Animals,Deer
95,Animals,Moose
96,Animals,Elk
97,Animals,Caribou
98,Animals,Giraffe
99,Animals,Okapi
100,Animals,Gazelle
101,Animals,Dolphin
102,Animals,Porpoise
103,Animals,Whale
104,Animals,Ostrich
105,Animals,Emu
106,Animals,Rhea
107,Animals,Cassowary
108,Animals,Kiwi bird 
109,Animals,Chicken
110,Animals,Turkey
111,Animals,Duck
112,Animals,Goose
113,Animals,Swan
114,Animals,Pigeon
115,Animals,Sandgrouse
116,Animals,Flamingo
117,Animals,Heron
118,Animals,Egret
119,Animals,Stork
120,Animals,Ibis
121,Animals,Spoonbill
122,Animals,Pelican
123,Animals,Cormorant
124,Animals,Penguin
125,Animals,Seagull
126,Animals,Tern
127,Animals,Albatross
128,Animals,Petrel
129,Animals,Sandpiper
130,Animals,Plover
131,Animals,Crane
132,Animals,Rail
133,Animals,Coot
134,Animals,Moorhen
135,Animals,Bustard
136,Animals,Turaco
137,Animals,Nightjar
138,Animals,Frogmouth
139,Animals,Parrot
140,Animals,Macaw
141,Animals,Cockatoo
142,Animals,Falcon
143,Animals,Hawk
144,Animals,Eagle
145,Animals,Vulture
146,Animals,Owl
147,Animals,Woodpecker
148,Animals,Toucan
149,Animals,Kingfisher
150,Animals,Hornbill
151,Animals,Bee-eater
152,Animals,Roller
153,Animals,Hoopoe
154,Animals,Hoatzin
155,Animals,Songbird
156,Animals,Crow
157,Animals,Raven
158,Animals,Jay
159,Animals,Magpie
160,Animals,Shrike
161,Animals,Vireo
162,Animals,Swallow
163,Animals,Wren
164,Animals,Lark
165,Animals,Robin
166,Animals,Blackbird
167,Animals,Starling
168,Animals,Hagfish
169,Animals,Lamprey
170,Animals,Shark
171,Animals,Stingray
172,Animals,Manta ray
173,Animals,Goldfish
174,Animals,Carp
175,Animals,Koi
176,Animals,Salmon
177,Animals,Trout
178,Animals,Tuna
179,Animals,Anchovy
180,Animals,Sardine
181,Animals,Cod
182,Animals,Haddock
183,Animals,Halibut
184,Animals,Flounder
185,Animals,Bass
186,Animals,Catfish
187,Animals,Eel
188,Animals,Pike
189,Animals,Perch
190,Animals,Tilapia
191,Animals,Barracuda
192,Animals,Clownfish
193,Animals,Angelfish
194,Animals,Seahorse
195,Animals,Swordfish
196,Animals,Marlin
197,Animals,Mahi-mahi
198,Animals,Snapper
199,Animals,Grouper
200,Animals,Shad
201,Animals,Herring
202,Animals,Mackerel
203,Animals,Sunfish
204,Animals,Bluegill
205,Animals,Betta
206,Animals,Guppy
207,Animals,Lungfish
208,Animals,Coelacanth
209,Animals,Chimaera
210,Animals,Sturgeon
211,Animals,Paddlefish
212,Animals,Turtle 
213,Animals,Tortoise
214,Animals,Terrapin
215,Animals,Alligator
216,Animals,Caiman
217,Animals,Crocodile
218,Animals,Boa
219,Animals,Anaconda
220,Animals,Viper
221,Animals,Rattlesnake
222,Animals,Cobra
223,Animals,Garter snake
224,Animals,Corn snake
225,Animals,Iguana
226,Animals,Chameleon
227,Animals,Anole
228,Animals,Bearded Dragon
229,Animals,Gecko
230,Animals,Skink
231,Animals,Tuatara
232,Animals,Beetle
233,Animals,Ladybug
234,Animals,Firefly
235,Animals,Weevil
236,Animals,Butterfly
237,Animals,Moth
238,Animals,Fly
239,Animals,Mosquito
240,Animals,Gnat
241,Animals,Midge
242,Animals,Bee
243,Animals,Wasp
244,Animals,Hornet
245,Animals,Yellowjacket
246,Animals,Antelope
247,Animals,Grasshopper
248,Animals,Cricket
249,Animals,Katydid
250,Animals,Locust
251,Animals,Aphid
252,Animals,Cicada
253,Animals,Dragonfly
254,Animals,Damselfly
255,Animals,Cockroach
256,Animals,Termite
257,Animals,Mantis
258,Animals,Stick Insect
259,Animals,Salamander
260,Animals,Newt
261,Animals,Axolotl
262,Animals,Frog
263,Animals,Spider
264,Animals,Tarantula
265,Animals,Daddy longlegs
266,Animals,Tick
267,Animals,Dust mite
268,Animals,Scorpion
269,Animals,Crab
270,Animals,Lobster
271,Animals,Shrimp
272,Animals,Prawn
273,Animals,Crawfish
274,Animals,Krill
275,Animals,Roly-poly
276,Animals,Barnacle 
277,Animals,Fish louse
278,Animals,Sand flea
279,Animals,Clam
280,Animals,Oyster
281,Animals,Mussel
282,Animals,Scallop
283,Animals,Octopus
284,Animals,Squid
285,Animals,Cuttlefish
286,Animals,Nautilus
287,Animals,Snail 
288,Animals,Whelk
289,Animals,Conch
290,Animals,Slug
291,Animals,Abalone
292,Animals,Narwhal 
293,Animals,Lynx
294,Animals,Ocelot
295,Animals,Centipede 
296,Animals,Millipede
297,Animals,Jellyfish
298,Animals,Worm
299,Animals,Starfish
300,Vehicles,Dune buggy
301,Vehicles,Infantry fighting vehicle
302,Vehicles,Main battle tank
303,Vehicles,Light tank
304,Vehicles,Self-propelled howitzer
305,Vehicles,Mobile missile launcher
306,Vehicles,MRAP vehicle
307,Vehicles,Half-track vehicle
308,Vehicles,Tracked utility vehicle
309,Vehicles,Side-by-side UTV
310,Vehicles,Monster truck
311,Vehicles,Concrete pump truck
312,Vehicles,Asphalt paver
313,Vehicles,Road roller
314,Vehicles,Backhoe loader
315,Vehicles,Front-end loader
316,Vehicles,Motor grader
317,Vehicles,Scraper vehicle
318,Vehicles,Pipe layer vehicle
319,Vehicles,Logging truck
320,Vehicles,Septic pump truck
321,Vehicles,Vacuum truck
322,Vehicles,Water tanker truck
323,Vehicles,Street paver machine
324,Vehicles,Jet bridge
325,Vehicles,Baggage tractor
326,Vehicles,Baggage cart train
327,Vehicles,Fuel bowser truck
328,Vehicles,Runway sweeper vehicle
329,Vehicles,Airport fire tender
330,Vehicles,Police cruiser
331,Vehicles,Police motorcycle
332,Vehicles,Sheriff patrol SUV
333,Vehicles,Border patrol truck
334,Vehicles,Highway patrol charger
335,Vehicles,Taxi cab
336,Vehicles,London black cab
337,Vehicles,Limousine
338,Vehicles,Hearse
339,Vehicles,Supercar
340,Vehicles,Hypercar
341,Vehicles,Microcar
342,Vehicles,Kei car
343,Vehicles,Mobility scooter
344,Vehicles,Horse carriage
345,Vehicles,Dog sled
346,Vehicles,Snow groomer
347,Vehicles,Ice resurfacer
348,Vehicles,Funicular railway
349,Vehicles,Rack railway train
350,Vehicles,High speed train
351,Vehicles,Freight hopper car
352,Vehicles,Freight tank wagon
353,Vehicles,Freight flat wagon
354,Vehicles,Freight gondola car
355,Vehicles,Chemical tank wagon
356,Vehicles,Auto rack railcar
357,Vehicles,Refrigerated railcar
358,Vehicles,Caboose railcar
359,Vehicles,Handcar
360,Vehicles,Pump trolley
361,Vehicles,Track inspection car
362,Vehicles,Airboat
363,Vehicles,Houseboat
364,Vehicles,Trawler
365,Vehicles,Rigid hull inflatable boat
366,Vehicles,Skiff
367,Vehicles,Landing craft utility
368,Vehicles,Corvette warship
369,Vehicles,Frigate warship
370,Vehicles,Destroyer warship
371,Vehicles,Cruiser warship
372,Vehicles,Aircraft carrier
373,Vehicles,Ballistic missile submarine
374,Vehicles,Attack submarine
375,Vehicles,Personal submersible
376,Vehicles,DSRV rescue sub
377,Vehicles,Ice class cargo ship
378,Vehicles,Hospital ship
379,Vehicles,Oceanographic research vessel
380,Vehicles,Mine countermeasure vessel
381,Vehicles,Fast attack craft
382,Vehicles,Tall ship
383,Vehicles,Gaff rig sailboat
384,Vehicles,Ketch sailboat
385,Vehicles,Schooner
386,Vehicles,Clipper ship
387,Vehicles,Trim tab speedboat
388,Vehicles,Wakeboard boat
389,Vehicles,Surf boat
390,Vehicles,Jet tender
391,Vehicles,Autonomous surface vessel
392,Vehicles,Blimp
393,Vehicles,Glider
394,Vehicles,Ultralight aircraft
395,Vehicles,Crop duster aircraft
396,Vehicles,Regional jet
397,Vehicles,Narrow body airliner
398,Vehicles,Wide body airliner
399,Vehicles,Flying wing aircraft
400,Vehicles,Ground effect vehicle
401,Vehicles,Quadcopter drone
402,Vehicles,Fixed wing drone
403,Vehicles,Military surveillance drone
404,Vehicles,Agricultural spraying drone
405,Vehicles,Stratospheric drone
406,Vehicles,Spaceplane
407,Vehicles,High altitude balloon
408,Vehicles,Mars rover
409,Vehicles,Lunar rover
410,Vehicles,All terrain wheelchair
411,Vehicles,Handcycle
412,Vehicles,Pedicab
413,Vehicles,Milk delivery truck
414,Vehicles,Bread delivery van
415,Vehicles,Food truck
416,Vehicles,Mobile command center truck
417,Vehicles,Hazmat response truck
418,Vehicles,Amphibious assault vehicle
419,Vehicles,Horse cart
420,Vehicles,Handcart
421,Vehicles,Pushcart
422,Vehicles,Velomobile
423,Vehicles,Monorail
424,Vehicles,Rack railway car
425,Vehicles,Funicular car
426,Vehicles,Cogwheel train
427,Vehicles,Inspection trolley
428,Vehicles,Rail maintenance vehicle
429,Vehicles,Ballast regulator
430,Vehicles,Ballast tamper
431,Vehicles,Rail welder vehicle
432,Vehicles,Hi-rail truck
433,Vehicles,Minecart
434,Vehicles,Ore tram
435,Vehicles,Log skidder
436,Vehicles,Forwarder Logging Vehicle
437,Vehicles,Logging Harvester
438,Vehicles,Feller buncher
439,Vehicles,Stump grinder vehicle
440,Vehicles,Mulcher vehicle
441,Vehicles,Forestry tractor
442,Vehicles,Skid-steer loader
443,Vehicles,Mini excavator
444,Vehicles,Mobile crane
445,Vehicles,Crawler crane
446,Vehicles,Tower crane transporter
447,Vehicles,Pipe carrier truck
448,Vehicles,Well service truck
449,Vehicles,Fuel tanker trailer
450,Vehicles,Livestock trailer
451,Vehicles,Caravan trailer
452,Vehicles,Horse trailer
453,Vehicles,Boat trailer
454,Vehicles,Motorized barge
455,Vehicles,Harbor tug
456,Vehicles,Icebreaker ship
457,Vehicles,Buoy tender
458,Vehicles,Hydrofoil boat
459,Vehicles,Sternwheeler
460,Vehicles,Paddle steamer
461,Vehicles,Lightship
462,Vehicles,Pilot boat
463,Vehicles,Oil spill response vessel
464,Vehicles,ROV support vessel
465,Vehicles,Underwater glider
466,Vehicles,Research submersible
467,Vehicles,Tourist submarine
468,Vehicles,Gyroplane
469,Vehicles,Autogyro
470,Vehicles,Tiltrotor aircraft
471,Vehicles,Hot air balloon
472,Vehicles,Gas balloon
473,Vehicles,Zeppelin
474,Vehicles,Dirigible
475,Vehicles,Glider trike
476,Vehicles,Paramotor trike
477,Vehicles,Hang glider trike
478,Vehicles,Cargo drone
479,Vehicles,VTOL delivery drone
480,Vehicles,Agricultural spray drone
481,Vehicles,Mapping drone
482,Vehicles,Rescue drone
483,Vehicles,Fixed-wing UAV
484,Vehicles,Tethered observation balloon
485,Vehicles,Jet trainer aircraft
486,Vehicles,Commuter turboprop
487,Vehicles,Bush plane
488,Vehicles,Floatplane
489,Vehicles,Amphibious plane
490,Vehicles,Seaplane tender craft
491,Vehicles,Airfield follow-me car
492,Vehicles,Pushback tug
493,Vehicles,Deicing truck
494,Vehicles,Aircraft catering truck
495,Vehicles,Aircraft stairs vehicle
496,Vehicles,Airport shuttle
497,Vehicles,Passenger boarding vehicle
498,Vehicles,Mine haul truck
499,Vehicles,Articulated dump truck
500,Vehicles,Bucket-wheel excavator
501,Vehicles,Dragline excavator
502,Vehicles,Scraper tractor
503,Vehicles,Grader
504,Vehicles,Construction Water Truck
505,Vehicles,Articulated transporter
506,Vehicles,Mobile conveyor vehicle
507,Vehicles,Tunnel boring machine carrier
508,Vehicles,Road reclaimer
509,Vehicles,Street flusher truck
510,Vehicles,Surveillance van
511,Vehicles,Mobile laboratory vehicle
512,Vehicles,Mobile broadcast truck
513,Vehicles,Bicycle
514,Vehicles,Scooter
515,Vehicles,Skateboard
516,Vehicles,Hoverboard
517,Vehicles,Rollerblades
518,Vehicles,E-bike
519,Vehicles,Moped
520,Vehicles,Golf cart
521,Vehicles,ATV
522,Vehicles,Dirt bike
523,Vehicles,Kayak
524,Vehicles,Canoe
525,Vehicles,Jet ski
526,Vehicles,Wheelchair
527,Vehicles,Sedan
528,Vehicles,Hatchback
529,Vehicles,Wagon
530,Vehicles,Coupe
531,Vehicles,Convertible
532,Vehicles,SUV
533,Vehicles,Pickup truck
534,Vehicles,Van
535,Vehicles,Minivan
536,Vehicles,Bus
537,Vehicles,Motorcycle
538,Vehicles,Rickshaw
539,Vehicles,Chassis cab truck
540,Vehicles,Box truck
541,Vehicles,Flatbed truck
542,Vehicles,Dump truck
543,Vehicles,Cement mixer truck
544,Vehicles,Tanker truck
545,Vehicles,Car carrier truck
546,Vehicles,Refrigerated truck
547,Vehicles,Garbage truck
548,Vehicles,Tow truck
549,Vehicles,Bucket truck
550,Vehicles,Fire truck
551,Vehicles,Ambulance
552,Vehicles,Snow plow truck
553,Vehicles,Armored truck
554,Vehicles,Road sweeper truck
555,Vehicles,Tractor
556,Vehicles,Lightrail
557,Vehicles,Metro
558,Vehicles,Water taxi
559,Vehicles,Cable car
560,Vehicles,Freight train locomotive
561,Vehicles,Passenger train locomotive
562,Vehicles,Paddleboard
563,Vehicles,Raft
564,Vehicles,Water bicycle
565,Vehicles,Sailboat
566,Vehicles,Catamaran
567,Vehicles,Trimaran
568,Vehicles,Sailing yacht
569,Vehicles,Motor yacht
570,Vehicles,Speedboat
571,Vehicles,Pontoon boat
572,Vehicles,Bass boat
573,Vehicles,Center console boat
574,Vehicles,Fishing boat
575,Vehicles,Jet boat
576,Vehicles,Inflatable boat
577,Vehicles,Narrowboat
578,Vehicles,Party barge
579,Vehicles,Rowboat
580,Vehicles,Pedal boat
581,Vehicles,Container ship
582,Vehicles,Bulk carrier
583,Vehicles,Oil tanker
584,Vehicles,Ro-ro ship
585,Vehicles,Cruise ship
586,Vehicles,Ferry
587,Vehicles,Livestock carrier
588,Vehicles,Barge carrier
589,Vehicles,Cable-laying ship
590,Vehicles,Survey vessel
591,Vehicles,Dredger
592,Vehicles,Offshore supply vessel
593,Vehicles,Drillship
594,Vehicles,Accommodation vessel
595,Vehicles,Salvage vessel
596,Vehicles,Tugboat
597,Vehicles,Harbor workboat
598,Vehicles,Patrol boat
599,Vehicles,Fireboat
600,Arts and Works,Oil Impasto
601,Arts and Works,Oil Glazing
602,Arts and Works,Oil Sfumato
603,Arts and Works,Oil Alla Prima
604,Arts and Works,Oil Wet-on-Wet Landscape
605,Arts and Works,Oil Dry-Brush Texture Study
606,Arts and Works,Oil Portrait Realism
607,Arts and Works,Oil Impressionist Landscape
608,Arts and Works,Oil Expressionist Figure
609,Arts and Works,Oil Surrealist Scene
610,Arts and Works,Oil Abstract Color Field
611,Arts and Works,Oil Baroque Historical Scene
612,Arts and Works,Oil Romantic Seascape
613,Arts and Works,Oil Modernist Geometric Study
614,Arts and Works,Oil Grisaille Underpainting
615,Arts and Works,Watercolor Wet-on-Wet Wash
616,Arts and Works,Watercolor Dry-Brush Detail
617,Arts and Works,Watercolor Layered Landscape
618,Arts and Works,Watercolor Glazed Portrait
619,Arts and Works,Watercolor Botanical Illustration
620,Arts and Works,Watercolor Urban Sketch
621,Arts and Works,Watercolor Abstract Washes
622,Arts and Works,Watercolor Calligraphic Strokes
623,Arts and Works,Watercolor Concept Art Sheet
624,Arts and Works,Ink Wash Sumi-e Landscape
625,Arts and Works,Ink Line Art Illustration
626,Arts and Works,Ink Crosshatching Portrait
627,Arts and Works,Ink Comic Page Inking
628,Arts and Works,Ink Calligraphy Script
629,Arts and Works,Ink Brush Lettering
630,Arts and Works,Ink Technical Drawing
631,Arts and Works,Graphite Gesture Drawing
632,Arts and Works,Graphite Tonal Study
633,Arts and Works,Colored Pencil Illustration
634,Arts and Works,Pastel Portrait Drawing
635,Arts and Works,Conté Crayon Figure Study
636,Arts and Works,Charcoal Life Drawing
637,Arts and Works,Charcoal Chiaroscuro Study
638,Arts and Works,Marker Rendering Concept Art
639,Arts and Works,Alcohol Marker Character Sheet
640,Arts and Works,Digital Vector Illustration
641,Arts and Works,Digital Raster Illustration
642,Arts and Works,Digital Matte Painting
643,Arts and Works,Digital Character Concept Art
644,Arts and Works,Digital Environment Concept Art
645,Arts and Works,Digital Comic Page Layout
646,Arts and Works,Digital Pixel Sprite Sheet
647,Arts and Works,Digital UI Icon Set Design
648,Arts and Works,Digital Isometric Game Art
649,Arts and Works,Digital Infographic Poster
650,Arts and Works,Digital Motion Graphics Frame
651,Arts and Works,Gouache Poster Illustration
652,Arts and Works,Gouache Op-Poster Design
653,Arts and Works,Acrylic Pour Abstract Canvas
654,Arts and Works,Acrylic Impasto Cityscape
655,Arts and Works,Acrylic Mixed-Media Collage
656,Arts and Works,Spray Paint Street Mural
657,Arts and Works,Spray Paint Wildstyle Lettering
658,Arts and Works,Stencil Street Art Layered
659,Arts and Works,Chalk Pavement Illustration
660,Arts and Works,Chalkboard Menu Illustration
661,Arts and Works,Screenprint Gig Poster
662,Arts and Works,Screenprint Limited Art Print
663,Arts and Works,Linocut Relief Print
664,Arts and Works,Woodcut Relief Print
665,Arts and Works,Etching Intaglio Print
666,Arts and Works,Drypoint Intaglio Print
667,Arts and Works,Mezzotint Intaglio Print
668,Arts and Works,Monotype Experimental Print
669,Arts and Works,Lithograph Stone Print
670,Arts and Works,Riso Zine Print Run
671,Arts and Works,Zine Mini-Comic Production
672,Arts and Works,Artist Book Handmade Binding
673,Arts and Works,Illuminated Manuscript Page
674,Arts and Works,Calligraphic Wedding Certificate
675,Arts and Works,Hand-Lettered Logo Lockup
676,Arts and Works,Typographic Grid Poster
677,Arts and Works,Logo Mark Symbol Design
678,Arts and Works,Brand Identity Style Sheet
679,Arts and Works,Editorial Magazine Spread
680,Arts and Works,Movie Poster Key Art
681,Arts and Works,Album Cover Artwork
682,Arts and Works,Storyboard Panel Sequence
683,Arts and Works,Children’s Picture Book Spread
684,Arts and Works,Graphic Novel Page Layout
685,Arts and Works,Comic Strip Gag Layout
686,Arts and Works,Character Turnaround Sheet
687,Arts and Works,Creature Design Sheet
688,Arts and Works,Vehicle Concept Sheet
689,Arts and Works,Prop Design Sheet
690,Arts and Works,Storyboard Animatic Frames
691,Arts and Works,2D Animation Pencil Test
692,Arts and Works,2D Cutout Animation Assets
693,Arts and Works,3D Character Sculpt Digital
694,Arts and Works,3D Environment Blockout
695,Arts and Works,3D Hard-Surface Model Sheet
696,Arts and Works,3D Game-Ready Asset Render
697,Arts and Works,3D UV Layout Map
698,Arts and Works,3D Texture Painting Pass
699,Arts and Works,3D Lighting and Rendering Study
700,Arts and Works,3D Architectural Visualization
701,Arts and Works,3D Motion Capture Cleanup
702,Arts and Works,Stop-Motion Puppet Fabrication
703,Arts and Works,Stop-Motion Set Miniature Build
704,Arts and Works,Stop-Motion Frame Layout Board
705,Arts and Works,Clay Maquette Character Sculpt
706,Arts and Works,Bronze Figurative Sculpture
707,Arts and Works,Stone Abstract Sculpture
708,Arts and Works,Wood Relief Carving Panel
709,Arts and Works,Wire Armature Sculpture
710,Arts and Works,Found Object Assemblage
711,Arts and Works,Kinetic Sculpture Mechanism
712,Arts and Works,Site-Specific Installation Plan
713,Arts and Works,Light Installation Artwork
714,Arts and Works,Sound Installation Artwork
715,Arts and Works,Projection Mapping Installation
716,Arts and Works,Public Art Mural Proposal
717,Arts and Works,Environmental Land Art Plan
718,Arts and Works,Textile Weaving Wall Hanging
719,Arts and Works,Hand-Loom Tapestry Panel
720,Arts and Works,Macramé Wall Hanging
721,Arts and Works,Embroidery Hoop Artwork
722,Arts and Works,Cross-Stitch Pattern Sampler
723,Arts and Works,Quilted Art Wall Piece
724,Arts and Works,Patchwork Textile Collage
725,Arts and Works,Needle Felting Wool Figure
726,Arts and Works,Wet Felting Textile Panel
727,Arts and Works,Costume Design Character Sheet
728,Arts and Works,Fashion Illustration Line-Up
729,Arts and Works,Runway Collection Mood Board
730,Arts and Works,Pattern-Making Draft Sheet
731,Arts and Works,Millinery Hat Concept Sketch
732,Arts and Works,Jewelry Metalwork Pendant
733,Arts and Works,Jewelry Wire-Wrapped Gemstone
734,Arts and Works,Beaded Necklace Design Board
735,Arts and Works,Enamel Jewelry Color Study
736,Arts and Works,Ceramic Wheel-Thrown Vessel
737,Arts and Works,Ceramic Hand-Built Sculpture
738,Arts and Works,Ceramic Slip-Cast Edition
739,Arts and Works,Ceramic Glaze Test Tiles
740,Arts and Works,Porcelain Teaware Design
741,Arts and Works,Raku Firing Surface Study
742,Arts and Works,Glassblown Vessel Form
743,Arts and Works,Lampworked Glass Bead Set
744,Arts and Works,Stained Glass Panel Design
745,Arts and Works,Mosaic Tile Wall Artwork
746,Arts and Works,Wood Inlay Marquetry Panel
747,Arts and Works,Intarsia Wood Relief Artwork
748,Arts and Works,Paper Collage Portrait
749,Arts and Works,Paper Cut Silhouette Art
750,Arts and Works,Pop-Up Book Mechanism Page
751,Arts and Works,Paper Quilling Floral Design
752,Arts and Works,Origami Modular Sculpture
753,Arts and Works,Origami Tessellation Panel
754,Arts and Works,Shadow Puppet Silhouette Set
755,Arts and Works,Marionette Puppet Character
756,Arts and Works,Mask Design and Paint
757,Arts and Works,Theater Set Perspective Painting
758,Arts and Works,Theater Set Model Maquette
759,Arts and Works,Stage Lighting Plot Diagram
760,Arts and Works,Stage Costume Swatch Board
761,Arts and Works,Prop Fabrication Sketch Sheet
762,Arts and Works,Stage Blocking Storyboard
763,Arts and Works,Choreography Floor Pattern Chart
764,Arts and Works,Call Sheet Graphic Layout
765,Arts and Works,Concert Stage Backdrop Artwork
766,Arts and Works,Album Tour Visual Identity
767,Arts and Works,Music Notation Score Solo
768,Arts and Works,Music Notation Score Ensemble
769,Arts and Works,Graphic Score Experimental
770,Arts and Works,Song Lyric Sheet Typography
771,Arts and Works,Sound Design Cue Sheet
772,Arts and Works,Podcast Cover Artwork
773,Arts and Works,Film Title Sequence Frames
774,Arts and Works,Color Grading Reference Stills
775,Arts and Works,Photography Contact Sheet
776,Arts and Works,Portrait Photography Series
777,Arts and Works,Landscape Photography Series
778,Arts and Works,Street Photography Series
779,Arts and Works,Macro Photography Study
780,Arts and Works,Long-Exposure Light Trails
781,Arts and Works,Black-and-White Photo Print
782,Arts and Works,Darkroom Contact Print
783,Arts and Works,Photo Collage Narrative Panel
784,Arts and Works,Photojournalism Story Layout
785,Arts and Works,Magazine Cover Composite
786,Arts and Works,Advertising Product Photo Setup
787,Arts and Works,Food Styling Photo Layout
788,Arts and Works,Architectural Photo Study
789,Arts and Works,Environmental Portrait Setup
790,Arts and Works,Game UI HUD Mockup
791,Arts and Works,Game Main Menu Mockup
792,Arts and Works,Game Inventory Screen Mockup
793,Arts and Works,Board Game Box Art
794,Arts and Works,Board Game Card Face Layout
795,Arts and Works,Board Game Token Icon Set
796,Arts and Works,Trading Card Illustration
797,Arts and Works,Book Cover Dust Jacket Design
798,Arts and Works,Interior Book Layout Template
799,Arts and Works,Poetry Broadside Letterpress
800,Arts and Works,Flash Fiction Layout Card
801,Arts and Works,Graphic Poem Visual Layout
802,Arts and Works,Conceptual Art Instruction Card
803,Arts and Works,Performance Art Score Text
804,Arts and Works,Exhibition Poster Design
805,Arts and Works,Gallery Wall Hanging Plan
806,Arts and Works,Curatorial Exhibition Layout Map
807,Arts and Works,Artist Statement Layout
808,Arts and Works,Portfolio Spread Presentation
809,Arts and Works,Grant Proposal Visual Budget
810,Arts and Works,Residency Project Proposal Board
811,Arts and Works,Festival Poster Series Variant
812,Arts and Works,Infographic Timeline Artwork
813,Arts and Works,Data Visualization Poster
814,Arts and Works,Scientific Illustration Plate
815,Arts and Works,Medical Illustration Cutaway
816,Arts and Works,Botanical Illustration Plate
817,Arts and Works,Field Guide Illustration Spread
818,Arts and Works,Cartographic Fantasy Map
819,Arts and Works,Cartographic City Map
820,Arts and Works,Isometric Building Cutaway
821,Arts and Works,Exploded Diagram Illustration
822,Arts and Works,Instruction Manual Diagram Set
823,Arts and Works,Patent Drawing Sheet
824,Arts and Works,User Flow Wireframe Sketch
825,Arts and Works,Mobile App UI Screen Set
826,Arts and Works,Web Landing Page Wireframe
827,Arts and Works,Iconography System Grid Sheet
828,Arts and Works,Emoji Set Concept Sheet
829,Arts and Works,Sticker Pack Illustration Set
830,Arts and Works,Streaming Emote Sheet
831,Arts and Works,Avatar Portrait Commission
832,Arts and Works,Character Emblem Crest Design
833,Arts and Works,Tattoo Flash Sheet Design
834,Arts and Works,Calligraffiti Wall Sketch
835,Arts and Works,Hand-Painted Sign Lettering
836,Arts and Works,Chalkboard Event Sign Layout
837,Arts and Works,Wayfinding Pictogram Set
838,Arts and Works,Packaging Label Layout
839,Arts and Works,Product Box Die-Line Artwork
840,Arts and Works,Shopping Bag Graphic Layout
841,Arts and Works,Brand Pattern Surface Design
842,Arts and Works,Wallpaper Repeat Pattern
843,Arts and Works,Fabric Surface Print Repeat
844,Arts and Works,Gift Wrap Repeat Pattern
845,Arts and Works,Ad Campaign Storyboard
846,Arts and Works,Social Media Post Template Set
847,Arts and Works,Motion Poster Key Frame
848,Arts and Works,Animated GIF Loop Frames
849,Arts and Works,UI Microinteraction Storyboard
850,Arts and Works,AR Filter Face Asset Sheet
851,Arts and Works,VR Environment Concept Painting
852,Arts and Works,Virtual Gallery Floorplan Art
853,Arts and Works,Generative Art Algorithm Print
854,Arts and Works,Data-Driven Art Plot Layout
855,Arts and Works,Glitch Art Digital Composition
856,Arts and Works,AI Style-Transfer Print
857,Arts and Works,Pixel Art Tileset Map
858,Arts and Works,ASCII Art Layout Panel
859,Arts and Works,Typography Specimen Poster
860,Arts and Works,Type Design Glyph Sheet
861,Arts and Works,Custom Letterform Sketch Page
862,Arts and Works,Calligraphic Monogram Design
863,Arts and Works,Minimalist Poster Composition
864,Arts and Works,Minimal Line Art Portrait
865,Arts and Works,Geometric Op-Art Canvas
866,Arts and Works,Surreal Collage Poster
867,Arts and Works,Low-Poly Character Illustration
868,Arts and Works,Silkscreen Tote Graphic
869,Arts and Works,Embossed Stationery Design
870,Arts and Works,Foil-Stamped Invitation Layout
871,Arts and Works,Die-Cut Postcard Design
872,Arts and Works,Hand-Drawn Map Illustration
873,Arts and Works,Children’s Coloring Page Art
874,Arts and Works,Storyboard Thumbnails Sheet
875,Arts and Works,Character Expression Sheet
876,Arts and Works,Creature Silhouette Exploration
877,Arts and Works,Prop Silhouette Exploration
878,Arts and Works,Tattoo Sleeve Composition
879,Arts and Works,Graffiti Blackbook Sketch
880,Arts and Works,Spray-Paint Tag Style Study
881,Arts and Works,Mural Color Mockup Panel
882,Arts and Works,Album Lyric Booklet Design
883,Arts and Works,Theater Program Booklet Design
884,Arts and Works,Festival Wristband Graphic
885,Arts and Works,Ticket Stub Graphic Layout
886,Arts and Works,ID Badge Lanyard Card Design
887,Arts and Works,Menu Layout Typography Study
888,Arts and Works,Food Truck Wrap Graphic
889,Arts and Works,Vehicle Wrap Illustration Mockup
890,Arts and Works,Skateboard Deck Graphic
891,Arts and Works,Snowboard Base Graphic
892,Arts and Works,Sneaker Side Panel Illustration
893,Arts and Works,Enamel Pin Illustration Sheet
894,Arts and Works,Posterized Portrait Screenprint
895,Arts and Works,Mixed-Media Art Journal Spread
896,Arts and Works,Collage Zine Page Composition
897,Arts and Works,Artist Trading Card Mini-Painting
898,Arts and Works,AR Interactive Art Layer
899,Arts and Works,ACEO Miniature Art Card
900,Landscapes,Horst
901,Landscapes,Graben
902,Landscapes,Fault Scarp
903,Landscapes,Cuesta
904,Landscapes,Inselberg
905,Landscapes,Joint Block Plateau
906,Landscapes,Folded Mountain Range
907,Landscapes,Fault Block Mountain
908,Landscapes,Monocline
909,Landscapes,Hogback
910,Landscapes,Anticline
911,Landscapes,Syncline
912,Landscapes,Strike-Slip Fault
913,Landscapes,Rift Valley
914,Landscapes,Mantle Plume Hotspot
915,Landscapes,Stratovolcano
916,Landscapes,Shield Volcano
917,Landscapes,Caldera Volcano
918,Landscapes,Lava Dome
919,Landscapes,Fissure Vent
920,Landscapes,Cinder Cone Volcano
921,Landscapes,Basalt Columns
922,Landscapes,Crater Lake
923,Landscapes,Simple Crater
924,Landscapes,Steep-Walled Crater
925,Landscapes,Eroded Crater
926,Landscapes,Geyser
927,Landscapes,Fumarole
928,Landscapes,Terraced Hot Spring
929,Landscapes,Blue Pool Hot Spring
930,Landscapes,Lava Tube
931,Landscapes,Fresh Lava Field
932,Landscapes,Cooling Lava Field
933,Landscapes,Hardened Lava Field
934,Landscapes,Sinkhole
935,Landscapes,Limestone Pavement
936,Landscapes,Limestone Cave
937,Landscapes,Sea Cave
938,Landscapes,Submerged Forest
939,Landscapes,Natural Bridge
940,Landscapes,Sea Stack
941,Landscapes,Blowhole
942,Landscapes,Wave-Cut Platform
943,Landscapes,Marine Terrace
944,Landscapes,Tidal Island
945,Landscapes,Spit
946,Landscapes,Sandbar
947,Landscapes,Tombolo
948,Landscapes,Lagoon
949,Landscapes,Fjord
950,Landscapes,Bayou
951,Landscapes,Atoll
952,Landscapes,Isthmus
953,Landscapes,Strait
954,Landscapes,Large Bay
955,Landscapes,Small Bay
956,Landscapes,Curved Bay
957,Landscapes,Rocky Coastline
958,Landscapes,Sandy Coastline
959,Landscapes,Cliff Coastline
960,Landscapes,Coastal Lagoon
961,Landscapes,Pocket Beach
962,Landscapes,Sandy Beach
963,Landscapes,Pebble Beach
964,Landscapes,Cliff-Backed Beach
965,Landscapes,Tidal-Flat Beach
966,Landscapes,Wide Estuary
967,Landscapes,Narrow Estuary
968,Landscapes,Tidal Estuary
969,Landscapes,Brackish Estuary
970,Landscapes,Oceanic Trench
971,Landscapes,Abyssal Plain
972,Landscapes,Mid-Ocean Ridge
973,Landscapes,Guyot
974,Landscapes,Abyssal Hill
975,Landscapes,Submarine Canyon
976,Landscapes,Seamount
977,Landscapes,Hydrothermal Vent
978,Landscapes,Deep-Sea Fan
979,Landscapes,Ocean Gyre
980,Landscapes,Upwelling Zone
981,Landscapes,Open Ocean
982,Landscapes,Calm Ocean
983,Landscapes,Stormy Ocean
984,Landscapes,Calm Sea
985,Landscapes,Rough Sea
986,Landscapes,Open Sea
987,Landscapes,Wide River
988,Landscapes,Narrow River
989,Landscapes,Braided River
990,Landscapes,Riverine Channel
991,Landscapes,River Confluence
992,Landscapes,River Rapids
993,Landscapes,Meander Bend
994,Landscapes,Oxbow Lake
995,Landscapes,Billabong
996,Landscapes,Water Gap
997,Landscapes,Levee
998,Landscapes,Alluvial Terrace
999,Landscapes,Floodplain Terrace
1000,Landscapes,Alluvial Fan
1001,Landscapes,Braided Delta
1002,Landscapes,River Delta
1003,Landscapes,Tidal Delta
1004,Landscapes,Inland Delta
1005,Landscapes,Incised Meander
1006,Landscapes,Anabranching River
1007,Landscapes,Mudflat
1008,Landscapes,Salt Flat
1009,Landscapes,Playa
1010,Landscapes,Ventifact
1011,Landscapes,Yardang
1012,Landscapes,Gravel Desert
1013,Landscapes,Sand Sheet
1014,Landscapes,Deflation Hollow
1015,Landscapes,Erg
1016,Landscapes,Hamada
1017,Landscapes,Barchan Dune
1018,Landscapes,Star Dune
1019,Landscapes,Desert Sand Dunes
1020,Landscapes,Coastal Sand Dunes
1021,Landscapes,Forest-Edge Sand Dunes
1022,Landscapes,Desert Oasis
1023,Landscapes,River Oasis
1024,Landscapes,Spring-Fed Oasis
1025,Landscapes,Rocky Desert
1026,Landscapes,Cold Desert
1027,Landscapes,Hot Desert
1028,Landscapes,Cirque
1029,Landscapes,Arete
1030,Landscapes,Drumlin
1031,Landscapes,Esker
1032,Landscapes,Kettle Lake
1033,Landscapes,Moraine
1034,Landscapes,Hanging Valley
1035,Landscapes,Tidewater Glacier
1036,Landscapes,Valley Glacier
1037,Landscapes,Crevasse Field
1038,Landscapes,Icefall
1039,Landscapes,Meltwater Stream
1040,Landscapes,Jökulhlaup Deposit
1041,Landscapes,Snowfield Ridge
1042,Landscapes,Snowfield Basin
1043,Landscapes,Snowfield Slope
1044,Landscapes,Frozen Lake Surface
1045,Landscapes,Cracked Frozen Lake
1046,Landscapes,Snow-Covered Frozen Lake
1047,Landscapes,New Sea Ice
1048,Landscapes,Pack Ice
1049,Landscapes,Drift Ice
1050,Landscapes,Polynya
1051,Landscapes,Ice Shelf Front
1052,Landscapes,Interior Ice Sheet
1053,Landscapes,Coastal Ice Sheet
1054,Landscapes,Fragmented Ice Sheet
1055,Landscapes,Rock Glacier
1056,Landscapes,Ice-Cored Moraine
1057,Landscapes,Thermokarst Lake
1058,Landscapes,Patterned Ground
1059,Landscapes,Sastrugi
1060,Landscapes,Nunatak
1061,Landscapes,Forest Canyon
1062,Landscapes,River Canyon
1063,Landscapes,Desert Canyon
1064,Landscapes,Narrow Canyon
1065,Landscapes,Canyon Cliff
1066,Landscapes,Rocky Mountain Cliff
1067,Landscapes,Grass-Topped Cliff
1068,Landscapes,Jagged Mountain Range
1069,Landscapes,Rounded Mountain Range
1070,Landscapes,Snow-Capped Mountain Range
1071,Landscapes,Plateau-Edged Mountain Range
1072,Landscapes,Butte
1073,Landscapes,Eroded Mesa
1074,Landscapes,Flat Plateau
1075,Landscapes,Eroded Plateau
1076,Landscapes,Stepped Plateau
1077,Landscapes,Open Grass Meadow
1078,Landscapes,Wildflower Meadow
1079,Landscapes,Wet Meadow
1080,Landscapes,Forest-Edge Meadow
1081,Landscapes,Tussock Grassland
1082,Landscapes,Open Savanna
1083,Landscapes,Wooded Savanna
1084,Landscapes,Grassland Savanna
1085,Landscapes,Open Shrubland
1086,Landscapes,Dense Shrubland
1087,Landscapes,Dry Shrubland
1088,Landscapes,Arctic Tundra
1089,Landscapes,Alpine Tundra
1090,Landscapes,Coastal Tundra
1091,Landscapes,Marshy Tundra
1092,Landscapes,Bog
1093,Landscapes,Fen
1094,Landscapes,Fresh Marsh
1095,Landscapes,Salt Marsh
1096,Landscapes,Wet Marsh
1097,Landscapes,Tidal Marsh
1098,Landscapes,Riverine Wetland
1099,Landscapes,Riverine Floodplain
1100,Landscapes,Forest Swamp
1101,Landscapes,Waterlogged Swamp
1102,Landscapes,Cypress Swamp
1103,Landscapes,Mangrove Forest Canopy
1104,Landscapes,Coastal Mangrove
1105,Landscapes,River Mangrove
1106,Landscapes,Island Mangrove
1107,Landscapes,Old-Growth Forest
1108,Landscapes,Tropical Rainforest
1109,Landscapes,Cloud Forest
1110,Landscapes,Flooded Rainforest
1111,Landscapes,Temperate Rainforest
1112,Landscapes,Deciduous Forest
1113,Landscapes,Coniferous Forest
1114,Landscapes,Mixed Forest
1115,Landscapes,Dense Woodland
1116,Landscapes,Sparse Woodland
1117,Landscapes,Mixed Woodland
1118,Landscapes,Kelp Forest
1119,Landscapes,Ecotone
1120,Landscapes,Shallow Grass Reef
1121,Landscapes,Deep Grass Reef
1122,Landscapes,Patchy Grass Reef
1123,Landscapes,Fringing Reef
1124,Landscapes,Barrier Reef
1125,Landscapes,Atoll Reef
1126,Landscapes,Small Pond
1127,Landscapes,Vegetation Pond
1128,Landscapes,Clear-Water Pond
1129,Landscapes,Forest Lakeland
1130,Landscapes,Mountain Lakeland
1131,Landscapes,Wetland Lakeland
1132,Landscapes,Plains Lakeland
1133,Landscapes,Clear Sky
1134,Landscapes,Cloudy Sky
1135,Landscapes,Dramatic Skyscape
1136,Landscapes,Clear-Sky Sunrise
1137,Landscapes,Cloudy Sunrise
1138,Landscapes,Silhouette Sunrise
1139,Landscapes,Clear-Sky Sunset
1140,Landscapes,Partly Cloudy Sunset
1141,Landscapes,Overcast Sunset
1142,Landscapes,Starry Night Sky
1143,Landscapes,Cloudy Night Sky
1144,Landscapes,Moonlit Night Sky
1145,Landscapes,Meteor Shower Peak
1146,Landscapes,Sparse Meteor Shower
1147,Landscapes,Fireball-Dominant Shower
1148,Landscapes,Milky Way
1149,Landscapes,Bright Aurora
1150,Landscapes,Multicolor Aurora
1151,Landscapes,Curtain Aurora
1152,Landscapes,Aurora Australis
1153,Landscapes,Partial Solar Eclipse
1154,Landscapes,Total Solar Eclipse
1155,Landscapes,Annular Solar Eclipse
1156,Landscapes,Sun Pillar
1157,Landscapes,Glory
1158,Landscapes,Halo
1159,Landscapes,Sundog
1160,Landscapes,Fog Bow
1161,Landscapes,White Rainbow
1162,Landscapes,Green Flash
1163,Landscapes,Blue Moon
1164,Landscapes,Shelf Cloud
1165,Landscapes,Mammatus Clouds
1166,Landscapes,Noctilucent Clouds
1167,Landscapes,Supercell Thunderstorm
1168,Landscapes,Waterspout
1169,Landscapes,Thin Rope Tornado
1170,Landscapes,Wide Cone Tornado
1171,Landscapes,Wedge Tornado
1172,Landscapes,Multi-Vortex Tornado
1173,Landscapes,Snow Avalanche
1174,Landscapes,Ice Avalanche
1175,Landscapes,Wet Avalanche
1176,Landscapes,Hazy Dust Storm
1177,Landscapes,Rolling Dust Storm
1178,Landscapes,Dense Dust Wall
1179,Landscapes,Light Fog
1180,Landscapes,Thick Fog
1181,Landscapes,Rolling Fog
1182,Landscapes,Minor Flood
1183,Landscapes,River Flood
1184,Landscapes,Flash Flood
1185,Landscapes,Tall Waterfall
1186,Landscapes,Cascade Waterfall
1187,Landscapes,Tiered Waterfall
1188,Landscapes,Shallow Tide Pool
1189,Landscapes,Rocky Tide Pool
1190,Landscapes,Enclosed Tide Pool
1191,Landscapes,Aerial Landscape
1192,Landscapes,Aerial Water Scene
1193,Landscapes,Aerial Mountain Scene
1194,Landscapes,Lush Forest
1195,Landscapes,Lush Meadow
1196,Landscapes,Lush Hillside
1197,Landscapes,Thrust Fault
1198,Landscapes,Ephemeral Stream
1199,Landscapes,Cumulus Cloud
1200,Food and Drinks,Wheat
1201,Food and Drinks,Barley
1202,Food and Drinks,Oats
1203,Food and Drinks,Rye
1204,Food and Drinks,Rice
1205,Food and Drinks,Sorghum
1206,Food and Drinks,Millet
1207,Food and Drinks,Potato
1208,Food and Drinks,Sweet Potato
1209,Food and Drinks,Yam
1210,Food and Drinks,Cassava
1211,Food and Drinks,Plantain
1212,Food and Drinks,Breadfruit
1213,Food and Drinks,Taro
1214,Food and Drinks,Lotus Root
1215,Food and Drinks,Water Chestnut
1216,Food and Drinks,Arrowroot
1217,Food and Drinks,Green Banana
1218,Food and Drinks,Chestnut
1219,Food and Drinks,Acorn
1220,Food and Drinks,Carrot
1221,Food and Drinks,Tomato
1222,Food and Drinks,Cucumber
1223,Food and Drinks,Zucchini
1224,Food and Drinks,Bell Pepper
1225,Food and Drinks,Onion
1226,Food and Drinks,Garlic
1227,Food and Drinks,Broccoli
1228,Food and Drinks,Cauliflower
1229,Food and Drinks,Cabbage
1230,Food and Drinks,Lettuce
1231,Food and Drinks,Spinach
1232,Food and Drinks,Kale
1233,Food and Drinks,Celery
1234,Food and Drinks,Green Beans
1235,Food and Drinks,Peas
1236,Food and Drinks,Corn
1237,Food and Drinks,Eggplant
1238,Food and Drinks,Mushroom
1239,Food and Drinks,Radish
1240,Food and Drinks,Beet
1241,Food and Drinks,Turnip
1242,Food and Drinks,Pumpkin
1243,Food and Drinks,Squash
1244,Food and Drinks,Asparagus
1245,Food and Drinks,Artichoke
1246,Food and Drinks,Okra
1247,Food and Drinks,Leek
1248,Food and Drinks,Scallion
1249,Food and Drinks,Chili Pepper
1250,Food and Drinks,Brussels Sprouts
1251,Food and Drinks,Apple
1252,Food and Drinks,Banana
1253,Food and Drinks,Orange
1254,Food and Drinks,Lemon
1255,Food and Drinks,Lime
1256,Food and Drinks,Grapefruit
1257,Food and Drinks,Mandarin
1258,Food and Drinks,Pineapple
1259,Food and Drinks,Mango
1260,Food and Drinks,Peach
1261,Food and Drinks,Nectarine
1262,Food and Drinks,Plum
1263,Food and Drinks,Cherry
1264,Food and Drinks,Grape
1265,Food and Drinks,Pear
1266,Food and Drinks,Watermelon
1267,Food and Drinks,Cantaloupe
1268,Food and Drinks,Honeydew
1269,Food and Drinks,Strawberry
1270,Food and Drinks,Blueberry
1271,Food and Drinks,Raspberry
1272,Food and Drinks,Blackberry
1273,Food and Drinks,Kiwi fruit
1274,Food and Drinks,Papaya
1275,Food and Drinks,Guava
1276,Food and Drinks,Pomegranate
1277,Food and Drinks,Coconut
1278,Food and Drinks,Avocado
1279,Food and Drinks,Fig
1280,Food and Drinks,Date
1281,Food and Drinks,Passion Fruit
1282,Food and Drinks,Dragon Fruit
1283,Food and Drinks,Lychee
1284,Food and Drinks,Apricot
1285,Food and Drinks,Soybean
1286,Food and Drinks,Green Pea
1287,Food and Drinks,Chickpea
1288,Food and Drinks,Lentil
1289,Food and Drinks,Black Bean
1290,Food and Drinks,Kidney Bean
1291,Food and Drinks,Pinto Bean
1292,Food and Drinks,Navy Bean
1293,Food and Drinks,Cannellini Bean
1294,Food and Drinks,Lima Bean
1295,Food and Drinks,Black-Eyed Pea
1296,Food and Drinks,Fava Bean
1297,Food and Drinks,Edamame
1298,Food and Drinks,Beef
1299,Food and Drinks,Pork
1300,Food and Drinks,Lamb
1301,Food and Drinks,Goat stew 
1302,Food and Drinks,Rabbit stew
1303,Food and Drinks,Venison
1304,Food and Drinks,Bison burger
1305,Food and Drinks,Ham
1306,Food and Drinks,Bacon
1307,Food and Drinks,Sausage
1308,Food and Drinks,Salami
1309,Food and Drinks,Prosciutto
1310,Food and Drinks,Chicken Wings
1311,Food and Drinks,Roast Goose 
1312,Food and Drinks,Quail
1313,Food and Drinks,Pheasant
1314,Food and Drinks,Milk
1315,Food and Drinks,Cream
1316,Food and Drinks,Ghee
1317,Food and Drinks,Yogurt
1318,Food and Drinks,Sour Cream
1319,Food and Drinks,Cheese
1320,Food and Drinks,Cottage Cheese
1321,Food and Drinks,Cream Cheese
1322,Food and Drinks,Ricotta
1323,Food and Drinks,Mozzarella
1324,Food and Drinks,Cheddar
1325,Food and Drinks,Parmesan
1326,Food and Drinks,Feta
1327,Food and Drinks,Ice Cream
1328,Food and Drinks,Whipped Cream
1329,Food and Drinks,Condensed Milk
1330,Food and Drinks,Evaporated Milk
1331,Food and Drinks,Buttermilk
1332,Food and Drinks,Kefir
1333,Food and Drinks,Eggs
1334,Food and Drinks,Butter
1335,Food and Drinks,Margarine
1336,Food and Drinks,Olive Oil
1337,Food and Drinks,Almond
1338,Food and Drinks,Cashew
1339,Food and Drinks,Pistachio
1340,Food and Drinks,Walnut
1341,Food and Drinks,Pecan
1342,Food and Drinks,Hazelnut
1343,Food and Drinks,Macadamia
1344,Food and Drinks,Peanut
1345,Food and Drinks,Brazil Nut
1346,Food and Drinks,Sunflower Seed
1347,Food and Drinks,Pumpkin Seed
1348,Food and Drinks,Sesame Seed
1349,Food and Drinks,Chia Seed
1350,Food and Drinks,Flaxseed
1351,Food and Drinks,Hemp Seed
1352,Food and Drinks,Pine Nut
1353,Food and Drinks,Basil
1354,Food and Drinks,Parsley
1355,Food and Drinks,Cilantro
1356,Food and Drinks,Mint
1357,Food and Drinks,Rosemary
1358,Food and Drinks,Thyme
1359,Food and Drinks,Oregano
1360,Food and Drinks,Sage
1361,Food and Drinks,Dill
1362,Food and Drinks,Chives
1363,Food and Drinks,Tarragon
1364,Food and Drinks,Bay Leaf
1365,Food and Drinks,Black Pepper
1366,Food and Drinks,Paprika
1367,Food and Drinks,Cinnamon
1368,Food and Drinks,Nutmeg
1369,Food and Drinks,Clove
1370,Food and Drinks,Ginger
1371,Food and Drinks,Turmeric
1372,Food and Drinks,Cumin
1373,Food and Drinks,Coriander Seed
1374,Food and Drinks,Cardamom
1375,Food and Drinks,Star Anise
1376,Food and Drinks,Mustard Seed
1377,Food and Drinks,Vanilla
1378,Food and Drinks,Sugar
1379,Food and Drinks,Brown Sugar
1380,Food and Drinks,Powdered Sugar
1381,Food and Drinks,Honey
1382,Food and Drinks,Maple Syrup
1383,Food and Drinks,Agave Syrup
1384,Food and Drinks,Molasses
1385,Food and Drinks,Ketchup
1386,Food and Drinks,Mustard
1387,Food and Drinks,Mayonnaise
1388,Food and Drinks,Barbecue Sauce
1389,Food and Drinks,Hot Sauce
1390,Food and Drinks,Soy Sauce
1391,Food and Drinks,Teriyaki Sauce
1392,Food and Drinks,Sriracha
1393,Food and Drinks,Ranch
1394,Food and Drinks,Vinaigrette
1395,Food and Drinks,Caesar Dressing
1396,Food and Drinks,Tartar Sauce
1397,Food and Drinks,Honey Mustard
1398,Food and Drinks,Hoisin Sauce
1399,Food and Drinks,Chili Oil
1400,Food and Drinks,Pesto
1401,Food and Drinks,Hummus
1402,Food and Drinks,Guacamole
1403,Food and Drinks,Salsa
1404,Food and Drinks,Tahini
1405,Food and Drinks,Still Water
1406,Food and Drinks,Sparkling Water
1407,Food and Drinks,Mineral Water
1408,Food and Drinks,Espresso
1409,Food and Drinks,Cappuccino
1410,Food and Drinks,Latte
1411,Food and Drinks,Macchiato
1412,Food and Drinks,Mocha
1413,Food and Drinks,Iced Coffee
1414,Food and Drinks,Cold Brew
1415,Food and Drinks,Turkish Coffee
1416,Food and Drinks,Green Tea
1417,Food and Drinks,Black Tea
1418,Food and Drinks,Oolong Tea
1419,Food and Drinks,White Tea
1420,Food and Drinks,Matcha
1421,Food and Drinks,Chai
1422,Food and Drinks,Bubble Tea
1423,Food and Drinks,Thai Tea
1424,Food and Drinks,Hibiscus Tea
1425,Food and Drinks,Chamomile Tea
1426,Food and Drinks,Orange Juice
1427,Food and Drinks,Apple Juice
1428,Food and Drinks,Grape Juice
1429,Food and Drinks,Cranberry Juice
1430,Food and Drinks,Pineapple Juice
1431,Food and Drinks,Mango Juice
1432,Food and Drinks,Tomato Juice
1433,Food and Drinks,Carrot Juice
1434,Food and Drinks,Beet Juice
1435,Food and Drinks,Pomegranate Juice
1436,Food and Drinks,Watermelon Juice
1437,Food and Drinks,Cola
1438,Food and Drinks,Root Beer
1439,Food and Drinks,Cream Soda
1440,Food and Drinks,Ginger Ale
1441,Food and Drinks,Orange Soda
1442,Food and Drinks,Grape Soda
1443,Food and Drinks,Tonic Water
1444,Food and Drinks,Club Soda
1445,Food and Drinks,Mountain Dew
1446,Food and Drinks,Dr Pepper
1447,Food and Drinks,Coconut Water
1448,Food and Drinks,Protein Shake
1449,Food and Drinks,Kombucha
1450,Food and Drinks,Energy Shot
1451,Food and Drinks,Vitamin Water
1452,Food and Drinks,Aloe Drink
1453,Food and Drinks,Yerba Mate Drink
1454,Food and Drinks,Wheat Beer
1455,Food and Drinks,Pale Ale
1456,Food and Drinks,Amber Ale
1457,Food and Drinks,Brown Ale
1458,Food and Drinks,Porter
1459,Food and Drinks,Stout
1460,Food and Drinks,Cider
1461,Food and Drinks,Red Wine
1462,Food and Drinks,White Wine
1463,Food and Drinks,Rosé Wine
1464,Food and Drinks,Port
1465,Food and Drinks,Whiskey
1466,Food and Drinks,Bourbon
1467,Food and Drinks,Scotch
1468,Food and Drinks,Rum
1469,Food and Drinks,Tequila
1470,Food and Drinks,Mezcal
1471,Food and Drinks,Brandy
1472,Food and Drinks,Cognac
1473,Food and Drinks,Amaretto
1474,Food and Drinks,Kahlua
1475,Food and Drinks,Absinthe
1476,Food and Drinks,Sambuca
1477,Food and Drinks,Blue Curaçao
1478,Food and Drinks,Aperol
1479,Food and Drinks,Campari
1480,Food and Drinks,Vermouth Red
1481,Food and Drinks,Vermouth White
1482,Food and Drinks,Margarita
1483,Food and Drinks,Mojito
1484,Food and Drinks,Martini
1485,Food and Drinks,Negroni
1486,Food and Drinks,Aperol Spritz
1487,Food and Drinks,Bloody Mary
1488,Food and Drinks,Piña Colada
1489,Food and Drinks,Cosmopolitan
1490,Food and Drinks,Mai Tai
1491,Food and Drinks,Manhattan
1492,Food and Drinks,Long Island Iced Tea
1493,Food and Drinks,Mint Julep
1494,Food and Drinks,Tequila Sunrise
1495,Food and Drinks,White Russian
1496,Food and Drinks,Irish Coffee
1497,Food and Drinks,Hot Toddy
1498,Food and Drinks,Daiquiri
1499,Food and Drinks,Hot Chocolate
1500,Clothing,Capelet
1501,Clothing,Duffle Coat
1502,Clothing,Smoking Jacket
1503,Clothing,Shawl
1504,Clothing,Bolero Jacket
1505,Clothing,Kimono
1506,Clothing,Jumpsuit
1507,Clothing,Romper
1508,Clothing,Culottes
1509,Clothing,Trousers
1510,Clothing,Gaucho Pants
1511,Clothing,Wiggle Dress
1512,Clothing,Henley Shirt
1513,Clothing,Guayabera
1514,Clothing,Bardot Top
1515,Clothing,Tee Shirt
1516,Clothing,Footless Tights
1517,Clothing,Ankle-Length Leggings
1518,Clothing,Stirrup Pants
1519,Clothing,Espadrilles
1520,Clothing,Mules
1521,Clothing,Wellington Boots
1522,Clothing,Derby Shoes
1523,Clothing,Monk Strap Shoes
1524,Clothing,Waders
1525,Clothing,Fascinator
1526,Clothing,Cloche Hat
1527,Clothing,Pillbox Hat
1528,Clothing,Barrette
1529,Clothing,Scrunchie
1530,Clothing,Cuff
1531,Clothing,Lapel Pin
1532,Clothing,Pocket Chain
1533,Clothing,Garters
1534,Clothing,Tie Bar
1535,Clothing,Pocket Watch
1536,Clothing,Tool Belt
1537,Clothing,Fanny Pack
1538,Clothing,Suspenders
1539,Clothing,Breeches
1540,Clothing,Boxers
1541,Clothing ,Boxer Briefs
1542,Clothing ,Briefs
1543,Clothing ,Trunks
1544,Clothing ,Bikini
1545,Clothing ,Thong
1546,Clothing ,G-String
1547,Clothing ,Boyshorts
1548,Clothing ,Hipster
1549,Clothing ,High-Waist Briefs
1550,Clothing ,Sports Bra
1551,Clothing ,Bralette
1552,Clothing ,Push-Up Bra
1553,Clothing ,Strapless Bra
1554,Clothing ,Underwire Bra
1555,Clothing ,Corset
1556,Clothing ,Bustier
1557,Clothing ,Bodysuit
1558,Clothing ,Teddy
1559,Clothing ,Camisole
1560,Clothing ,Slip
1561,Clothing ,Garter Belt
1562,Clothing ,No-Show Socks
1563,Clothing ,Ankle Socks
1564,Clothing ,Crew Socks
1565,Clothing ,Quarter Socks
1566,Clothing ,Knee-High Socks
1567,Clothing ,Thigh-High Socks
1568,Clothing ,Over-the-Knee Socks
1569,Clothing ,Compression Socks
1570,Clothing ,Dress Socks
1571,Clothing ,Athletic Socks
1572,Clothing ,Wool Socks
1573,Clothing ,Tights
1574,Clothing ,Pantyhose
1575,Clothing ,Fishnet Tights
1576,Clothing ,Leg Warmers
1577,Clothing ,Jeans
1578,Clothing ,Dress Pants
1579,Clothing ,Chinos
1580,Clothing ,Cargo Pants
1581,Clothing ,Sweatpants
1582,Clothing ,Joggers
1583,Clothing ,Leggings
1584,Clothing ,Yoga Pants
1585,Clothing ,Leather Pants
1586,Clothing ,Corduroy Pants
1587,Clothing ,Wide-Leg Pants
1588,Clothing ,Flared Pants
1589,Clothing ,Bootcut Pants
1590,Clothing ,Straight-Leg Pants
1591,Clothing ,Skinny Pants
1592,Clothing ,Capri Pants
1593,Clothing ,Cropped Pants
1594,Clothing ,Overalls
1595,Clothing ,Shorts
1596,Clothing ,Cargo Shorts
1597,Clothing ,Denim Shorts
1598,Clothing ,Biker Shorts
1599,Clothing ,Board Shorts
1600,Clothing ,Swim Trunks
1601,Clothing ,Mini Skirt
1602,Clothing ,Knee-Length Skirt
1603,Clothing ,Midi Skirt
1604,Clothing ,Maxi Skirt
1605,Clothing ,Pencil Skirt
1606,Clothing ,A-Line Skirt
1607,Clothing ,Pleated Skirt
1608,Clothing ,Tulip Skirt
1609,Clothing ,Wrap Skirt
1610,Clothing ,Skater Skirt
1611,Clothing ,Tiered Skirt
1612,Clothing ,Ball Skirt
1613,Clothing ,Sheath Dress
1614,Clothing ,Shift Dress
1615,Clothing ,A-Line Dress
1616,Clothing ,Wrap Dress
1617,Clothing ,Slip Dress
1618,Clothing ,Bodycon Dress
1619,Clothing ,Fit-and-Flare Dress
1620,Clothing ,Ball Gown
1621,Clothing ,Mermaid Dress
1622,Clothing ,Maxi Dress
1623,Clothing ,Midi Dress
1624,Clothing ,Mini Dress
1625,Clothing ,Shirt Dress
1626,Clothing ,Sundress
1627,Clothing ,Halter Dress
1628,Clothing ,Strapless Dress
1629,Clothing ,Off-Shoulder Dress
1630,Clothing ,Empire Waist Dress
1631,Clothing ,Tunic Dress
1632,Clothing ,T-Shirt
1633,Clothing ,Tank Top
1634,Clothing ,Crop Top
1635,Clothing ,Long-Sleeve Shirt
1636,Clothing ,Button-Up Shirt
1637,Clothing ,Polo Shirt
1638,Clothing ,Sweater
1639,Clothing ,Hoodie
1640,Clothing ,Crewneck Sweatshirt
1641,Clothing ,Turtleneck
1642,Clothing ,Blouse
1643,Clothing ,Tube Top
1644,Clothing ,Halter Top
1645,Clothing ,Off-Shoulder Top
1646,Clothing ,Peplum Top
1647,Clothing ,Tunic Top
1648,Clothing ,Jersey Top
1649,Clothing ,V-Neck Sweater
1650,Clothing ,Turtleneck Sweater
1651,Clothing ,Mock Neck Sweater
1652,Clothing ,Cardigan
1653,Clothing ,Zip-Up Sweater
1654,Clothing ,Quarter-Zip Sweater
1655,Clothing ,Hooded Sweater
1656,Clothing ,Cable Knit Sweater
1657,Clothing ,Fisherman Sweater
1658,Clothing ,Sweater Vest
1659,Clothing ,Fleece Pullover
1660,Clothing ,Puffer Vest
1661,Clothing ,Poncho
1662,Clothing ,Pullover Hoodie
1663,Clothing ,Zip Hoodie
1664,Clothing ,Denim Jacket
1665,Clothing ,Leather Jacket
1666,Clothing ,Bomber Jacket
1667,Clothing ,Puffer Jacket
1668,Clothing ,Parka
1669,Clothing ,Trench Coat
1670,Clothing ,Raincoat
1671,Clothing ,Windbreaker
1672,Clothing ,Peacoat
1673,Clothing ,Overcoat
1674,Clothing ,Blazer
1675,Clothing ,Fleece Jacket
1676,Clothing ,Varsity Jacket
1677,Clothing ,Moto Jacket
1678,Clothing ,Anorak
1679,Clothing ,Cape
1680,Clothing ,Vest
1681,Clothing ,Quilted Jacket
1682,Clothing ,Baseball Cap
1683,Clothing ,Snapback
1684,Clothing ,Beanie
1685,Clothing ,Beret
1686,Clothing ,Bucket Hat
1687,Clothing ,Cowboy Hat
1688,Clothing ,Fedora
1689,Clothing ,Panama Hat
1690,Clothing ,Sun Hat
1691,Clothing ,Visor
1692,Clothing ,Beanie Pom
1693,Clothing ,Earflap Hat
1694,Clothing ,Balaclava
1695,Clothing ,Hijab
1696,Clothing ,Turban
1697,Clothing ,Sombrero
1698,Clothing ,Top Hat
1699,Clothing ,Bowler Hat
1700,Clothing ,Gloves
1701,Clothing ,Mittens
1702,Clothing ,Fingerless Gloves
1703,Clothing ,Winter Gloves
1704,Clothing ,Leather Gloves
1705,Clothing ,Driving Gloves
1706,Clothing ,Ski Gloves
1707,Clothing ,Boxing Gloves
1708,Clothing ,Baseball Mitt
1709,Clothing ,Oven Mitt
1710,Clothing ,Gauntlets
1711,Clothing ,Wrist Wraps
1712,Clothing ,Hand Warmers
1713,Clothing ,Sneakers
1714,Clothing ,Running Shoes
1715,Clothing ,Sandals
1716,Clothing ,Flip-Flops
1717,Clothing ,Boots
1718,Clothing ,Hiking Boots
1719,Clothing ,Chelsea Boots
1720,Clothing ,Combat Boots
1721,Clothing ,Cowboy Boots
1722,Clothing ,Rain Boots
1723,Clothing ,Dress Shoes
1724,Clothing ,Loafers
1725,Clothing ,Oxfords
1726,Clothing ,Heels
1727,Clothing ,Stilettos
1728,Clothing ,Wedges
1729,Clothing ,Ballet Flats
1730,Clothing ,Mary Janes
1731,Clothing ,Clogs
1732,Clothing ,Slippers
1733,Clothing ,Moccasins
1734,Clothing ,Skate Shoes
1735,Clothing ,Soccer Cleats
1736,Clothing ,Basketball Shoes
1737,Clothing ,Necklace
1738,Clothing ,Bracelet
1739,Clothing ,Watch
1740,Clothing ,Ring
1741,Clothing ,Earrings
1742,Clothing ,Brooch
1743,Clothing ,Belt
1744,Clothing ,Scarf
1745,Clothing ,Tie
1746,Clothing ,Bow Tie
1747,Clothing ,Pocket Square
1748,Clothing ,Hat Pin
1749,Clothing ,Hair Clip
1750,Clothing ,Hair Tie
1751,Clothing ,Sunglasses
1752,Clothing ,Glasses
1753,Clothing ,Anklet
1754,Clothing ,Toe Ring
1755,Clothing ,Cufflinks
1756,Clothing ,Wallet
1757,Clothing ,Keychain
1758,Clothing ,Lanyard
1759,Clothing ,Hard Hat
1760,Clothing ,Face Shield
1761,Clothing ,Safety Goggles
1762,Clothing ,Welding Mask
1763,Clothing ,Respirator Mask
1764,Clothing ,Hazmat Suit
1765,Clothing ,Lab Coat
1766,Clothing ,Scrubs
1767,Clothing ,Apron
1768,Clothing ,Bulletproof Vest
1769,Clothing ,Life Jacket
1770,Clothing ,Reflective Vest
1771,Clothing ,Knee Pads
1772,Clothing ,Elbow Pads
1773,Clothing ,Shin Guards
1774,Clothing ,Chest Protector
1775,Clothing ,Firefighter Suit
1776,Clothing ,Radiation Suit
1777,Clothing ,Ear Muffs
1778,Clothing ,Gas Mask
1779,Clothing ,Coveralls
1780,Clothing ,Rain Suit
1781,Clothing ,Tote Bag
1782,Clothing ,Messenger Bag
1783,Clothing ,Backpack
1784,Clothing ,Duffel Bag
1785,Clothing ,Messenger Satchel
1786,Clothing ,Rain Pants
1787,Clothing ,Insulated Jacket
1788,Clothing ,Puffer Coat
1789,Clothing ,Thermal Underwear
1790,Clothing ,Base Layer Top
1791,Clothing ,Polo Dress
1792,Clothing ,Slip Skirt
1793,Clothing ,Peacoat Hoodie
1794,Clothing ,Thermal Leggings
1795,Clothing ,Rain Boots Liner
1796,Clothing ,Ski Pants
1797,Clothing ,Chore Coat
1798,Clothing ,Utility Vest
1799,Clothing ,Ankle Boots
1800,Interior Spaces,Foyer
1801,Interior Spaces,Hallway
1802,Interior Spaces,Closet
1803,Interior Spaces,Walk-In Closet
1804,Interior Spaces,Basement
1805,Interior Spaces,Attic
1806,Interior Spaces,Playroom
1807,Interior Spaces,Game Room
1808,Interior Spaces,Home Theater
1809,Interior Spaces,Music Room
1810,Interior Spaces,Home Gym
1811,Interior Spaces,Home Office
1812,Interior Spaces,Library
1813,Interior Spaces,Craft Room
1814,Interior Spaces,Sunroom
1815,Interior Spaces,Utility Room
1816,Interior Spaces,Storage Room
1817,Interior Spaces,Wine Cellar
1818,Interior Spaces,Workshop
1819,Interior Spaces,Reception Area
1820,Interior Spaces,Lobby
1821,Interior Spaces,Waiting Room
1822,Interior Spaces,Conference Room
1823,Interior Spaces,Open Office
1824,Interior Spaces,Cubicle Area
1825,Interior Spaces,Break Room
1826,Interior Spaces,Copy Room
1827,Interior Spaces,IT Help Desk
1828,Interior Spaces,Supply Closet
1829,Interior Spaces,Training Room
1830,Interior Spaces,Classroom
1831,Interior Spaces,Showroom
1832,Interior Spaces,Sales Floor
1833,Interior Spaces,Retail Aisle
1834,Interior Spaces,Checkout Area
1835,Interior Spaces,Warehouse Floor
1836,Interior Spaces,Loading Dock
1837,Interior Spaces,Studio
1838,Interior Spaces,Laboratory
1839,Interior Spaces,Clinic Room
1840,Interior Spaces,Pharmacy Counter
1841,Interior Spaces,Barber Station
1842,Interior Spaces,Restaurant Dining Room
1843,Interior Spaces,Commercial Kitchen
1844,Interior Spaces,Pantry
1845,Interior Spaces,Walk-In Freezer
1846,Interior Spaces,Stock Room
1847,Interior Spaces,Locker Room
1848,Interior Spaces,Janitor Closet
1849,Interior Spaces,Security Room
1850,Interior Spaces,Control Room
1851,Interior Spaces,Ticket Counter
1852,Interior Spaces,Box Office
1853,Interior Spaces,Exhibit Hall
1854,Interior Spaces,Gallery Room
1855,Interior Spaces,History Exhibit Room
1856,Interior Spaces,Science Exhibit Room
1857,Interior Spaces,Gym Floor
1858,Interior Spaces,Yoga Studio
1859,Interior Spaces,Pool Area
1860,Interior Spaces,Sauna Room
1861,Interior Spaces,Hotel Lobby
1862,Interior Spaces,Hotel Suite
1863,Interior Spaces,Bar Area
1864,Interior Spaces,Buffet Area
1865,Interior Spaces,Deli Counter
1866,Interior Spaces,Fitting Room
1867,Interior Spaces,Spa Room
1868,Interior Spaces,Massage Room
1869,Interior Spaces,Steam Room
1870,Interior Spaces,Pool Deck
1871,Interior Spaces,Banquet Hall
1872,Interior Spaces,Event Space
1873,Interior Spaces,Business Center
1874,Interior Spaces,Casino Floor
1875,Interior Spaces,Arcade Room
1876,Interior Spaces,Theater Auditorium
1877,Interior Spaces,Restroom
1878,Interior Spaces,Laundry Room
1879,Interior Spaces,Computer Lab
1880,Interior Spaces,Science Lab
1881,Interior Spaces,Art Room
1882,Interior Spaces,Band Room
1883,Interior Spaces,Dance Studio
1884,Interior Spaces,Gymnasium
1885,Interior Spaces,Cafeteria
1886,Interior Spaces,Kitchen Classroom
1887,Interior Spaces,Reading Nook
1888,Interior Spaces,Courtyard Interior
1889,Interior Spaces,Makerspace
1890,Interior Spaces,Robotics Lab
1891,Interior Spaces,Engineering Lab
1892,Interior Spaces,Design Studio
1893,Interior Spaces,Testing Center
1894,Interior Spaces,Tutoring Center
1895,Interior Spaces,Teacher Lounge
1896,Interior Spaces,Administrative Office
1897,Interior Spaces,Principal Office
1898,Interior Spaces,Counselor Office
1899,Interior Spaces,Media Center
1900,Interior Spaces,Broadcast Room
1901,Interior Spaces,Photography Darkroom
1902,Interior Spaces,Planetarium
1903,Interior Spaces,Observatory Room
1904,Interior Spaces,Exam Room
1905,Interior Spaces,Triage Room
1906,Interior Spaces,Operating Room
1907,Interior Spaces,Recovery Room
1908,Interior Spaces,Maternity Room
1909,Interior Spaces,Labor & Delivery Room
1910,Interior Spaces,X-Ray Room
1911,Interior Spaces,MRI Room
1912,Interior Spaces,CT Scan Room
1913,Interior Spaces,Physical Therapy Room
1914,Interior Spaces,Occupational Therapy Room
1915,Interior Spaces,Mental Health Counseling Room
1916,Interior Spaces,Emergency Room Bay
1917,Interior Spaces,Trauma Room
1918,Interior Spaces,Ambulance Bay
1919,Interior Spaces,Sterilization Room
1920,Interior Spaces,Morgue
1921,Interior Spaces,Autopsy Room
1922,Interior Spaces,Hospital Chapel
1923,Interior Spaces,Gift Shop
1924,Interior Spaces,Sanctuary
1925,Interior Spaces,Nave
1926,Interior Spaces,Transept
1927,Interior Spaces,Apse
1928,Interior Spaces,Altar Area
1929,Interior Spaces,Choir Loft
1930,Interior Spaces,Confessional
1931,Interior Spaces,Prayer Room
1932,Interior Spaces,Meditation Room
1933,Interior Spaces,Synagogue Prayer Hall
1934,Interior Spaces,Mosque Prayer Hall
1935,Interior Spaces,Wudu Area
1936,Interior Spaces,Langar Hall
1937,Interior Spaces,Monastery Cell
1938,Interior Spaces,Cloister Walk
1939,Interior Spaces,Sacristy
1940,Interior Spaces,Vestry
1941,Interior Spaces,Fellowship Hall
1942,Interior Spaces,Community Hall
1943,Interior Spaces,Scripture Study Room
1944,Interior Spaces,Courtroom
1945,Interior Spaces,Judge Chambers
1946,Interior Spaces,Jury Room
1947,Interior Spaces,Clerk Office
1948,Interior Spaces,Hearing Room
1949,Interior Spaces,Press Briefing Room
1950,Interior Spaces,Voting Booth Area
1951,Interior Spaces,Polling Station Room
1952,Interior Spaces,DMV Counter Area
1953,Interior Spaces,Permit Office
1954,Interior Spaces,Customs Inspection Room
1955,Interior Spaces,Immigration Interview Room
1956,Interior Spaces,Passport Office
1957,Interior Spaces,Security Screening Area
1958,Interior Spaces,Command Center
1959,Interior Spaces,Emergency Operations Center
1960,Interior Spaces,Dispatch Center
1961,Interior Spaces,Holding Cell
1962,Interior Spaces,Interrogation Room
1963,Interior Spaces,Police Report Desk
1964,Interior Spaces,Fire Station Bay
1965,Interior Spaces,Evidence Room
1966,Interior Spaces,Records Room
1967,Interior Spaces,Archives Room
1968,Interior Spaces,Public Library Reading Room
1969,Interior Spaces,Community Meeting Room
1970,Interior Spaces,City Hall Lobby
1971,Interior Spaces,Public Service Counter
1972,Interior Spaces,Legislative Chamber
1973,Interior Spaces,Post Office Counter
1974,Interior Spaces,Mail Sorting Room
1975,Interior Spaces,Public Auditorium
1976,Interior Spaces,Press Room
1977,Interior Spaces,Visitor Desk
1978,Interior Spaces,Theater Stage
1979,Interior Spaces,Green Room
1980,Interior Spaces,Rehearsal Room
1981,Interior Spaces,Concert Hall
1982,Interior Spaces,Orchestra Pit
1983,Interior Spaces,Museum Gallery
1984,Interior Spaces,Rehearsal Studio
1985,Interior Spaces,Recording Studio
1986,Interior Spaces,Cinema Screening Room
1987,Interior Spaces,Black Box Theater
1988,Interior Spaces,Craft Workshop Room
1989,Interior Spaces,Cultural Classroom
1990,Interior Spaces,Studio Loft
1991,Interior Spaces,Factory Floor
1992,Interior Spaces,Assembly Line
1993,Interior Spaces,Production Line
1994,Interior Spaces,Machine Shop
1995,Interior Spaces,Metalworking Shop
1996,Interior Spaces,Welding Bay
1997,Interior Spaces,Tool Room
1998,Interior Spaces,Woodshop
1999,Interior Spaces,Foundry Floor
2000,Interior Spaces,Forge Area
2001,Interior Spaces,Casting Room
2002,Interior Spaces,Injection Molding Room
2003,Interior Spaces,Quality Control Room
2004,Interior Spaces,Packaging Room
2005,Interior Spaces,Cold Storage Room
2006,Interior Spaces,Refrigeration Room
2007,Interior Spaces,Maintenance Shop
2008,Interior Spaces,Electrical Room
2009,Interior Spaces,Operations Room
2010,Interior Spaces,Chemical Processing Room
2011,Interior Spaces,Mixing Room
2012,Interior Spaces,Bottling Room
2013,Interior Spaces,Canning Line
2014,Interior Spaces,Textile Weaving Room
2015,Interior Spaces,Printing Room
2016,Interior Spaces,Paint Booth
2017,Interior Spaces,Spray Room
2018,Interior Spaces,Kiln Room
2019,Interior Spaces,Ceramics Room
2020,Interior Spaces,Automation Cell
2021,Interior Spaces,Data Center Hall
2022,Interior Spaces,Backroom Storage
2023,Interior Spaces,Dry Goods Storage
2024,Interior Spaces,Bulk Storage Area
2025,Interior Spaces,Pallet Racking Area
2026,Interior Spaces,Shelving Aisles
2027,Interior Spaces,Archive Storage Room
2028,Interior Spaces,Equipment Room
2029,Interior Spaces,Tool Crib
2030,Interior Spaces,Packing Station
2031,Interior Spaces,Fulfillment Station
2032,Interior Spaces,Sorting Area
2033,Interior Spaces,Conveyor Line Area
2034,Interior Spaces,Lockup Cage
2035,Interior Spaces,Hazardous Materials Room
2036,Interior Spaces,Inventory Control Room
2037,Interior Spaces,Distribution Floor
2038,Interior Spaces,Cross-Docking Area
2039,Interior Spaces,Basketball Court
2040,Interior Spaces,Volleyball Court
2041,Interior Spaces,Badminton Court
2042,Interior Spaces,Indoor Tennis Court
2043,Interior Spaces,Squash Court
2044,Interior Spaces,Racquetball Court
2045,Interior Spaces,Weight Room
2046,Interior Spaces,Cardio Room
2047,Interior Spaces,Pilates Studio
2048,Interior Spaces,Boxing Ring Room
2049,Interior Spaces,Martial Arts Dojo
2050,Interior Spaces,Climbing Gym
2051,Interior Spaces,Trampoline Floor
2052,Interior Spaces,Bowling Alley
2053,Interior Spaces,Ice Rink
2054,Interior Spaces,Roller Rink
2055,Interior Spaces,Swimming Pool
2056,Interior Spaces,Diving Pool
2057,Interior Spaces,Hot Tub Room
2058,Interior Spaces,Table Tennis Room
2059,Interior Spaces,Billiards Room
2060,Interior Spaces,Golf Simulator Room
2061,Interior Spaces,Archery Range
2062,Interior Spaces,Shooting Range
2063,Interior Spaces,Esports Arena
2064,Interior Spaces,Gymnastics Floor
2065,Interior Spaces,Indoor Track Loop
2066,Interior Spaces,Indoor Skate Park
2067,Interior Spaces,Train Station Platform
2068,Interior Spaces,Subway Platform
2069,Interior Spaces,Fare Gate Area
2070,Interior Spaces,Transit Concourse
2071,Interior Spaces,Bus Terminal Interior
2072,Interior Spaces,Airport Check-In Hall
2073,Interior Spaces,Departure Gate
2074,Interior Spaces,Baggage Claim
2075,Interior Spaces,Jet Bridge Interior
2076,Interior Spaces,Rail Operations Room
2077,Interior Spaces,Signal Control Room
2078,Interior Spaces,Maintenance Bay
2079,Interior Spaces,Hangar Interior
2080,Interior Spaces,Cargo Handling Area
2081,Interior Spaces,Immigration Hall
2082,Interior Spaces,Passenger Lounge
2083,Interior Spaces,Transit Information Desk
2084,Interior Spaces,Ferry Terminal Hall
2085,Interior Spaces,Parking Garage Interior
2086,Interior Spaces,Toll Booth Control Room
2087,Interior Spaces,Tunnel Control Room
2088,Interior Spaces,Bridge Control Room
2089,Interior Spaces,Traffic Monitoring Center
2090,Interior Spaces,Highway Operations Center
2091,Interior Spaces,Power Control Room
2092,Interior Spaces,Water Treatment Control Room
2093,Interior Spaces,HVAC Plant Room
2094,Interior Spaces,Geothermal Control Room
2095,Interior Spaces,Aquatics Center Office
2096,Interior Spaces,Elevator Machine Room
2097,Interior Spaces,Greenhouse
2098,Interior Spaces,Mudroom
2099,Interior Spaces,Bomb Shelter
2100,Household Items,Sofa
2101,Household Items,Armchair
2102,Household Items,Recliner
2103,Household Items,Loveseat
2104,Household Items,Sectional
2105,Household Items,Chaise Lounge
2106,Household Items,Bean Bag Chair
2107,Household Items,Stool
2108,Household Items,Dining Chair
2109,Household Items,Office Chair
2110,Household Items,Bench
2111,Household Items,Rocking Chair
2112,Household Items,Folding Chair
2113,Household Items,Coffee Table
2114,Household Items,Dining Table
2115,Household Items,End Table
2116,Household Items,Console Table
2117,Household Items,Nightstand
2118,Household Items,Desk
2119,Household Items,Standing Desk
2120,Household Items,Bed
2121,Household Items,Bunk Bed
2122,Household Items,Daybed
2123,Household Items,Canopy Bed
2124,Household Items,Crib
2125,Household Items,Dresser
2126,Household Items,Chest of Drawers
2127,Household Items,Wardrobe
2128,Household Items,Armoire
2129,Household Items,Bookshelf
2130,Household Items,Display Cabinet
2131,Household Items,TV Stand
2132,Household Items,Media Console
2133,Household Items,Kitchen Island
2134,Household Items,Sideboard
2135,Household Items,Buffet
2136,Household Items,Hutch
2137,Household Items,China Cabinet
2138,Household Items,Shoe Rack
2139,Household Items,Coat Rack
2140,Household Items,Room Divider
2141,Household Items,Standing Mirror
2142,Household Items,Vanity
2143,Household Items,Ottoman
2144,Household Items,Footstool
2145,Household Items,File Cabinet
2146,Household Items,Safe
2147,Household Items,Bookcase
2148,Household Items,Cube Organizer
2149,Household Items,Cabinet
2150,Household Items,Refrigerator
2151,Household Items,Freezer
2152,Household Items,Mini Fridge
2153,Household Items,Chest Freezer
2154,Household Items,Oven
2155,Household Items,Stove
2156,Household Items,Range
2157,Household Items,Cooktop
2158,Household Items,Microwave
2159,Household Items,Dishwasher
2160,Household Items,Washing Machine
2161,Household Items,Dryer
2162,Household Items,Washer-Dryer Combo
2163,Household Items,Water Heater
2164,Household Items,Furnace
2165,Household Items,Boiler
2166,Household Items,Air Conditioner
2167,Household Items,Heat Pump
2168,Household Items,Dehumidifier
2169,Household Items,Humidifier
2170,Household Items,Trash Compactor
2171,Household Items,Garbage Disposal
2172,Household Items,Space Heater
2173,Household Items,Fan
2174,Household Items,Vacuum Cleaner
2175,Household Items,Robot Vacuum
2176,Household Items,Steam Cleaner
2177,Household Items,Carpet Cleaner
2178,Household Items,Iron
2179,Household Items,Steamer
2180,Household Items,Sewing Machine
2181,Household Items,Television
2182,Household Items,Computer Monitor
2183,Household Items,Laptop
2184,Household Items,Tablet
2185,Household Items,Smartphone
2186,Household Items,Smartwatch
2187,Household Items,Game Console
2188,Household Items,VR Headset
2189,Household Items,Desktop Computer
2190,Household Items,Printer
2191,Household Items,Scanner
2192,Household Items,Projector
2193,Household Items,Speaker
2194,Household Items,Soundbar
2195,Household Items,Headphones
2196,Household Items,Earbuds
2197,Household Items,Camera
2198,Household Items,Camcorder
2199,Household Items,Drone
2200,Household Items,Router
2201,Household Items,Modem
2202,Household Items,Smart Home Hub
2203,Household Items,Ceiling Light
2204,Household Items,Chandelier
2205,Household Items,Pendant Light
2206,Household Items,Recessed Light
2207,Household Items,Track Light
2208,Household Items,Wall Sconce
2209,Household Items,Floor Lamp
2210,Household Items,Table Lamp
2211,Household Items,Desk Lamp
2212,Household Items,Arc Lamp
2213,Household Items,Torchère
2214,Household Items,Lantern
2215,Household Items,String Lights
2216,Household Items,Neon Sign
2217,Household Items,Light Strip
2218,Household Items,Spotlight
2219,Household Items,Floodlight
2220,Household Items,Ring Light
2221,Household Items,Stage Light
2222,Household Items,Projector Light
2223,Household Items,Night Light
2224,Household Items,Smart Bulb
2225,Household Items,Bed Sheets
2226,Household Items,Pillowcases
2227,Household Items,Blankets
2228,Household Items,Comforter
2229,Household Items,Duvet
2230,Household Items,Duvet Cover
2231,Household Items,Quilt
2232,Household Items,Mattress Topper
2233,Household Items,Mattress Pad
2234,Household Items,Throw Blanket
2235,Household Items,Throw Pillow
2236,Household Items,Decorative Pillow
2237,Household Items,Body Pillow
2238,Household Items,Rug
2239,Household Items,Area Rug
2240,Household Items,Bath Mat
2241,Household Items,Towel
2242,Household Items,Hand Towel
2243,Household Items,Washcloth
2244,Household Items,Tablecloth
2245,Household Items,Napkins
2246,Household Items,Curtains
2247,Household Items,Drapes
2248,Household Items,Sheer Curtains
2249,Household Items,Cushions
2250,Household Items,Chair Pads
2251,Household Items,Slipcovers
2252,Household Items,Fabric Wall Hanging
2253,Household Items,Tapestry Decor
2254,Household Items,Wall Hanging Decor
2255,Household Items,Picture Frame
2256,Household Items,Wall Art Decor
2257,Household Items,Poster Print
2258,Household Items,Sculpture Decor
2259,Household Items,Statue Decor
2260,Household Items,Figurine
2261,Household Items,Clock
2262,Household Items,Wall Clock
2263,Household Items,Table Clock
2264,Household Items,Decorative Bowl
2265,Household Items,Decorative Tray
2266,Household Items,Centerpiece
2267,Household Items,Flower Arrangement
2268,Household Items,Potted Plant
2269,Household Items,Artificial Plant
2270,Household Items,Garland
2271,Household Items,Bookends
2272,Household Items,Coasters
2273,Household Items,Decorative Boxes
2274,Household Items,Ornaments
2275,Household Items,Dinner Plate
2276,Household Items,Salad Plate
2277,Household Items,Soup Bowl
2278,Household Items,Cereal Bowl
2279,Household Items,Serving Bowl
2280,Household Items,Serving Platter
2281,Household Items,Mug
2282,Household Items,Teacup
2283,Household Items,Saucer
2284,Household Items,Water Glass
2285,Household Items,Wine Glass
2286,Household Items,Champagne Flute
2287,Household Items,Beer Glass
2288,Household Items,Pint Glass
2289,Household Items,Whiskey Glass
2290,Household Items,Shot Glass
2291,Household Items,Highball Glass
2292,Household Items,Lowball Glass
2293,Household Items,Collins Glass
2294,Household Items,Martini Glass
2295,Household Items,Pitcher
2296,Household Items,Carafe
2297,Household Items,Decanter
2298,Household Items,Teapot
2299,Household Items,Creamer
2300,Household Items,Sugar Bowl
2301,Household Items,Gravy Boat
2302,Household Items,Salt Shaker
2303,Household Items,Pepper Shaker
2304,Household Items,Cutlery Set
2305,Household Items,Fork
2306,Household Items,Knife
2307,Household Items,Spoon
2308,Household Items,Chopsticks
2309,Household Items,Skillet
2310,Household Items,Frying Pan
2311,Household Items,Sauté Pan
2312,Household Items,Saucepan
2313,Household Items,Stockpot
2314,Household Items,Dutch Oven
2315,Household Items,Wok
2316,Household Items,Griddle
2317,Household Items,Grill Pan
2318,Household Items,Roasting Pan
2319,Household Items,Baking Sheet
2320,Household Items,Muffin Tin
2321,Household Items,Cake Pan
2322,Household Items,Loaf Pan
2323,Household Items,Pie Dish
2324,Household Items,Casserole Dish
2325,Household Items,Baking Dish
2326,Household Items,Lasagna Pan
2327,Household Items,Pizza Stone
2328,Household Items,Cooling Rack
2329,Household Items,Steamer Basket
2330,Household Items,Colander
2331,Household Items,Mixing Bowl
2332,Household Items,Rolling Pin
2333,Household Items,Cutting Board
2334,Household Items,Oven Mitts
2335,Household Items,Storage Bin
2336,Household Items,Storage Box
2337,Household Items,Plastic Tote
2338,Household Items,Drawer Organizer
2339,Household Items,Shelf Unit
2340,Household Items,Wall Shelf
2341,Household Items,Floating Shelf
2342,Household Items,Closet Rod
2343,Household Items,Hanger
2344,Household Items,Jewelry Organizer
2345,Household Items,Makeup Organizer
2346,Household Items,Desk Organizer
2347,Household Items,Filing Box
2348,Household Items,Magazine Holder
2349,Household Items,Mail Sorter
2350,Household Items,Key Rack
2351,Household Items,Pegboard
2352,Household Items,Toolbox
2353,Household Items,Tool Chest
2354,Household Items,Storage Basket
2355,Household Items,Laundry Hamper
2356,Household Items,Laundry Basket
2357,Household Items,Underbed Storage
2358,Household Items,Vacuum Bag
2359,Household Items,Spice Rack
2360,Household Items,Pantry Jar
2361,Household Items,Canister
2362,Household Items,Food Container
2363,Household Items,Trash Can
2364,Household Items,Recycling Bin
2365,Household Items,Compost Bin
2366,Household Items,Trolley Cart
2367,Household Items,Rolling Cart
2368,Household Items,Over-the-Door Organizer
2369,Household Items,Shower Caddy
2370,Household Items,Broom
2371,Household Items,Dustpan
2372,Household Items,Mop
2373,Household Items,Bucket
2374,Household Items,Sponge
2375,Household Items,Scrub Brush
2376,Household Items,Toilet Brush
2377,Household Items,Plunger
2378,Household Items,Spray Bottle
2379,Household Items,Squeegee
2380,Household Items,Duster
2381,Household Items,Feather Duster
2382,Household Items,Microfiber Cloth
2383,Household Items,Cleaning Wipes
2384,Household Items,Trash Bags
2385,Household Items,Recycling Bags
2386,Household Items,Compost Bags
2387,Household Items,Lint Roller
2388,Household Items,Dust Mop
2389,Household Items,Floor Buffer
2390,Household Items,Pressure Washer
2391,Household Items,Garden Hose
2392,Household Items,Hammer
2393,Household Items,Screwdriver
2394,Household Items,Wrench
2395,Household Items,Pliers
2396,Household Items,Tape Measure
2397,Household Items,Level
2398,Household Items,Drill
2399,Household Items,Circular Saw
2400,Buildings ,Single-Family House
2401,Buildings ,Duplex
2402,Buildings ,Triplex
2403,Buildings ,Townhouse
2404,Buildings ,Row House
2405,Buildings ,Bungalow
2406,Buildings ,Cottage
2407,Buildings ,Cabin
2408,Buildings ,Ranch House
2409,Buildings ,Split-Level House
2410,Buildings ,Two-Story House
2411,Buildings ,Three-Story House
2412,Buildings ,Mansion
2413,Buildings ,Estate Home
2414,Buildings ,Villa
2415,Buildings ,Chalet
2416,Buildings ,A-Frame House
2417,Buildings ,Mobile Home
2418,Buildings ,Modular Home
2419,Buildings ,Tiny House
2420,Buildings ,Manufactured Home
2421,Buildings ,Farmhouse
2422,Buildings ,Barn Conversion
2423,Buildings ,Carriage House
2424,Buildings ,Coach House
2425,Buildings ,Brownstone
2426,Buildings ,Penthouse Level
2427,Buildings ,Condominium Building
2428,Buildings ,Apartment Building
2429,Buildings ,High-Rise Apartment
2430,Buildings ,Mid-Rise Apartment
2431,Buildings ,Low-Rise Apartment
2432,Buildings ,Garden Apartment Building
2433,Buildings ,Courtyard Apartment Building
2434,Buildings ,Loft Building
2435,Buildings ,Row Apartment Block
2436,Buildings ,Terraced Housing Block
2437,Buildings ,Stacked Townhome Building
2438,Buildings ,Duplex Building
2439,Buildings ,Triplex Building
2440,Buildings ,Fourplex Building
2441,Buildings ,Co-Op Building
2442,Buildings ,Office Building
2443,Buildings ,Skyscraper
2444,Buildings ,High-Rise Office Tower
2445,Buildings ,Mid-Rise Office Building
2446,Buildings ,Low-Rise Office Block
2447,Buildings ,Shopping Mall
2448,Buildings ,Strip Mall
2449,Buildings ,Retail Storefront
2450,Buildings ,Big Box Store
2451,Buildings ,Department Store
2452,Buildings ,Supermarket
2453,Buildings ,Grocery Store
2454,Buildings ,Warehouse Store
2455,Buildings ,Pharmacy Building
2456,Buildings ,Bank Building
2457,Buildings ,Restaurant Building
2458,Buildings ,Fast Food Building
2459,Buildings ,Drive-Thru Restaurant
2460,Buildings ,Coffee Shop Building
2461,Buildings ,Gas Station
2462,Buildings ,Car Wash
2463,Buildings ,Auto Repair Shop
2464,Buildings ,Dealership Building
2465,Buildings ,Showroom Building
2466,Buildings ,Hotel
2467,Buildings ,Motel
2468,Buildings ,Resort Building
2469,Buildings ,Convention Center
2470,Buildings ,Cinema Building
2471,Buildings ,Theater Building
2472,Buildings ,Fitness Center Building
2473,Buildings ,Gym Building
2474,Buildings ,Bowling Alley Building
2475,Buildings ,Arcade Building
2476,Buildings ,Casino Building
2477,Buildings ,Entertainment Complex
2478,Buildings ,Data Center Building
2479,Buildings ,Call Center Building
2480,Buildings ,Coworking Building
2481,Buildings ,Medical Office Building
2482,Buildings ,Urgent Care Building
2483,Buildings ,Clinic Building
2484,Buildings ,Outpatient Center
2485,Buildings ,Funeral Home
2486,Buildings ,Event Hall Building
2487,Buildings ,Banquet Hall Building
2488,Buildings ,Corporate Tower
2489,Buildings ,High-Rise Office Building
2490,Buildings ,Business Park Building
2491,Buildings ,Executive Office Suite Building
2492,Buildings ,Professional Services Building
2493,Buildings ,Dental Office Building
2494,Buildings ,Law Office Building
2495,Buildings ,Accounting Office Building
2496,Buildings ,Consulting Office Building
2497,Buildings ,Financial Services Building
2498,Buildings ,Bank Headquarters Building
2499,Buildings ,Insurance Office Building
2500,Buildings ,Tech Office Building
2501,Buildings ,Research Office Building
2502,Buildings ,Laboratory Office Building
2503,Buildings ,Biotech Office Building
2504,Buildings ,Government Office Building
2505,Buildings ,Administrative Office Building
2506,Buildings ,Civic Office Building
2507,Buildings ,Municipal Office Building
2508,Buildings ,Embassy Building
2509,Buildings ,Consulate Building
2510,Buildings ,Post Office Building
2511,Buildings ,Courthouse Building
2512,Buildings ,Town Hall Building
2513,Buildings ,Union Hall Building
2514,Buildings ,Chamber of Commerce Building
2515,Buildings ,Broadcast Station Building
2516,Buildings ,Newsroom Building
2517,Buildings ,Publishing House Building
2518,Buildings ,Architecture Firm Building
2519,Buildings ,Design Studio Building
2520,Buildings ,Training Center Building
2521,Buildings ,Education Administration Building
2522,Buildings ,Corporate Campus Building
2523,Buildings ,Elementary School Building
2524,Buildings ,Middle School Building
2525,Buildings ,High School Building
2526,Buildings ,K–12 School Building
2527,Buildings ,Private School Building
2528,Buildings ,Charter School Building
2529,Buildings ,Vocational School Building
2530,Buildings ,Technical School Building
2531,Buildings ,Community College Building
2532,Buildings ,University Building
2533,Buildings ,College Classroom Building
2534,Buildings ,Lecture Hall Building
2535,Buildings ,Academic Department Building
2536,Buildings ,Faculty Office Building
2537,Buildings ,Student Center Building
2538,Buildings ,Library Building
2539,Buildings ,Science Building
2540,Buildings ,Laboratory Building
2541,Buildings ,Engineering Building
2542,Buildings ,Art School Building
2543,Buildings ,Music School Building
2544,Buildings ,Performing Arts School Building
2545,Buildings ,Business School Building
2546,Buildings ,Law School Building
2547,Buildings ,Medical School Building
2548,Buildings ,Pharmacy School Building
2549,Buildings ,Nursing School Building
2550,Buildings ,Graduate School Building
2551,Buildings ,Research Institute Building
2552,Buildings ,Research Center Building
2553,Buildings ,Campus Administration Building
2554,Buildings ,Dormitory Building
2555,Buildings ,Residence Hall Building
2556,Buildings ,Student Housing Building
2557,Buildings ,Dining Hall Building
2558,Buildings ,Gymnasium Building
2559,Buildings ,Athletic Center Building
2560,Buildings ,Auditorium Building
2561,Buildings ,Early Learning Center
2562,Buildings ,Preschool Building
2563,Buildings ,Daycare Center Building
2564,Buildings ,Seminary Building
2565,Buildings ,Theological School Building
2566,Buildings ,Language School Building
2567,Buildings ,Tutoring Center Building
2568,Buildings ,Test Prep Center Building
2569,Buildings ,Hospital
2570,Buildings ,Children’s Hospital
2571,Buildings ,General Hospital
2572,Buildings ,Community Hospital
2573,Buildings ,Medical Center
2574,Buildings ,Outpatient Clinic
2575,Buildings ,Urgent Care Center
2576,Buildings ,Emergency Care Center
2577,Buildings ,Ambulatory Surgery Center
2578,Buildings ,Specialty Clinic
2579,Buildings ,Dental Clinic
2580,Buildings ,Orthodontic Clinic
2581,Buildings ,Eye Care Center
2582,Buildings ,Vision Center
2583,Buildings ,Dermatology Clinic
2584,Buildings ,Oncology Center
2585,Buildings ,Dialysis Center
2586,Buildings ,Rehabilitation Center
2587,Buildings ,Physical Therapy Center
2588,Buildings ,Chiropractic Clinic
2589,Buildings ,Mental Health Clinic
2590,Buildings ,Psychiatric Hospital
2591,Buildings ,Counseling Center
2592,Buildings ,Addiction Treatment Center
2593,Buildings ,Wellness Center
2594,Buildings ,Imaging Center
2595,Buildings ,Radiology Center
2596,Buildings ,Diagnostic Center
2597,Buildings ,Blood Donation Center
2598,Buildings ,Biobank Facility
2599,Buildings ,Medical Laboratory Building
2600,Buildings ,Research Hospital Building
2601,Buildings ,Biomedical Research Facility
2602,Buildings ,Veterinary Clinic
2603,Buildings ,Animal Hospital
2604,Buildings ,Nursing Home
2605,Buildings ,Assisted Living Facility
2606,Buildings ,Memory Care Facility
2607,Buildings ,Retirement Home
2608,Buildings ,Hospice Care Center
2609,Buildings ,Long-Term Care Facility
2610,Buildings ,Home Health Agency Building
2611,Buildings ,Health Department Building
2612,Buildings ,Public Health Center
2613,Buildings ,Factory Building
2614,Buildings ,Manufacturing Plant
2615,Buildings ,Assembly Plant
2616,Buildings ,Processing Plant
2617,Buildings ,Refinery Building
2618,Buildings ,Power Plant
2619,Buildings ,Solar Farm Control Building
2620,Buildings ,Wind Turbine Operations Building
2621,Buildings ,Hydroelectric Plant Building
2622,Buildings ,Foundry Building
2623,Buildings ,Forge Building
2624,Buildings ,Steel Mill Building
2625,Buildings ,Smelting Plant
2626,Buildings ,Chemical Plant Building
2627,Buildings ,Pharmaceutical Plant
2628,Buildings ,Food Processing Plant
2629,Buildings ,Bottling Plant
2630,Buildings ,Canning Plant
2631,Buildings ,Textile Mill
2632,Buildings ,Paper Mill
2633,Buildings ,Printing Plant
2634,Buildings ,Warehouse Building
2635,Buildings ,Distribution Center
2636,Buildings ,Fulfillment Center
2637,Buildings ,Cold Storage Warehouse
2638,Buildings ,Freezer Warehouse
2639,Buildings ,Logistics Hub Building
2640,Buildings ,Truck Terminal Building
2641,Buildings ,Freight Depot
2642,Buildings ,Intermodal Facility Building
2643,Buildings ,Rail Yard Operations Building
2644,Buildings ,Aircraft Hangar
2645,Buildings ,Maintenance Hangar
2646,Buildings ,Shipyard Building
2647,Buildings ,Boatyard Building
2648,Buildings ,Machine Shop Building
2649,Buildings ,Tool and Die Shop
2650,Buildings ,Robotics Manufacturing Building
2651,Buildings ,Electronics Assembly Plant
2652,Buildings ,Server Farm Building
2653,Buildings ,Mining Facility Building
2654,Buildings ,Quarry Operations Building
2655,Buildings ,Construction Materials Plant
2656,Buildings ,Cement Plant Building
2657,Buildings ,Concrete Plant Building
2658,Buildings ,Lumber Mill Building
2659,Buildings ,Sawmill
2660,Buildings ,Waste Management Facility
2661,Buildings ,Recycling Plant
2662,Buildings ,Composting Facility Building
2663,Buildings ,Incineration Plant
2664,Buildings ,Water Treatment Plant
2665,Buildings ,Wastewater Treatment Plant
2666,Buildings ,Industrial Storage Building
2667,Buildings ,Hazmat Storage Building
2668,Buildings ,Oil Depot Building
2669,Buildings ,Gas Compression Station
2670,Buildings ,Pipeline Pumping Station
2671,Buildings ,City Hall
2672,Buildings ,Courthouse
2673,Buildings ,Supreme Court Building
2674,Buildings ,Capitol Building
2675,Buildings ,Parliament Building
2676,Buildings ,Legislative Building
2677,Buildings ,Embassy
2678,Buildings ,Consulate
2679,Buildings ,Ministry Building
2680,Buildings ,Department Headquarters
2681,Buildings ,Administrative Building
2682,Buildings ,Public Records Office
2683,Buildings ,Civic Center
2684,Buildings ,Community Center
2685,Buildings ,Customs House
2686,Buildings ,Immigration Office Building
2687,Buildings ,Tax Office Building
2688,Buildings ,Permit Office Building
2689,Buildings ,Public Defender Office
2690,Buildings ,Police Station
2691,Buildings ,Sheriff’s Office
2692,Buildings ,Highway Patrol Building
2693,Buildings ,Fire Station
2694,Buildings ,Emergency Services Building
2695,Buildings ,Ambulance Station
2696,Buildings ,Detention Center
2697,Buildings ,Jail
2698,Buildings ,Prison
2699,Buildings ,Mosque
2700,People,Doctor
2701,People,Nurse
2702,People,Surgeon
2703,People,Dentist
2704,People,Dental Hygienist
2705,People,Paramedic
2706,People,EMT
2707,People,Pharmacist
2708,People,Pharmacy Technician
2709,People,Physical Therapist
2710,People,Occupational Therapist
2711,People,Speech Therapist
2712,People,Radiologist
2713,People,X-Ray Technician
2714,People,MRI Technician
2715,People,Ultrasound Technician
2716,People,Lab Technician
2717,People,Phlebotomist
2718,People,Anesthesiologist
2719,People,Anesthetist
2720,People,Midwife
2721,People,Doula
2722,People,Pediatrician
2723,People,Geriatric Nurse
2724,People,Psychiatrist
2725,People,Psychologist
2726,People,Counselor
2727,People,Chiropractor
2728,People,Optometrist
2729,People,Ophthalmologist
2730,People,Orthodontist
2731,People,Dietitian
2732,People,Nutritionist
2733,People,Respiratory Therapist
2734,People,Dialysis Technician
2735,People,Oncologist
2736,People,Cardiologist
2737,People,Dermatologist
2738,People,Podiatrist
2739,People,Veterinarian
2740,People,Vet Technician
2741,People,Medical Assistant
2742,People,Orderly
2743,People,Hospital Transporter
2744,People,Receptionist
2745,People,Medical Records Clerk
2746,People,Hospital Security Office
2747,People,Hospital Janitorial Staff
2748,People,Teacher
2749,People,Professor
2750,People,Teaching Assistant
2751,People,School Principal
2752,People,School Counselor
2753,People,Librarian
2754,People,Substitute Teacher
2755,People,Classroom Aide
2756,People,Coach
2757,People,Physical Education Teacher
2758,People,Crossing Guard
2759,People,School Bus Driver
2760,People,Tutor
2761,People,Childcare Worker
2762,People,Preschool Teacher
2763,People,Special Education Teacher
2764,People,Social Worker
2765,People,Caseworker
2766,People,Therapist
2767,People,Youth Worker
2768,People,Community Outreach Worker
2769,People,Guidance Counselor
2770,People,Foster Care Worker
2771,People,Probation Officer
2772,People,Shelter Worker
2773,People,Rehabilitation Specialist
2774,People,Interpreter
2775,People,Sign Language Interpreter
2776,People,After-School Program Leader
2777,People,Camp Counselor
2778,People,Career Advisor
2779,People,Admissions Officer
2780,People,School Security Officer
2781,People,Hall Monitor
2782,People,Janitorial Staff (School)
2783,People,Cafeteria Worker
2784,People,Scientist
2785,People,Researcher
2786,People,Chemist
2787,People,Biologist
2788,People,Microbiologist
2789,People,Geneticist
2790,People,Physicist
2791,People,Astronomer
2792,People,Geologist
2793,People,Environmental Scientist
2794,People,Field Researcher
2795,People,Archaeologist
2796,People,Engineer
2797,People,Civil Engineer
2798,People,Mechanical Engineer
2799,People,Electrical Engineer
2800,People,Software Engineer
2801,People,Computer Programmer
2802,People,Data Scientist
2803,People,Data Analyst
2804,People,IT Technician
2805,People,Network Technician
2806,People,Cybersecurity Analyst
2807,People,Robotics Technician
2808,People,AI Researcher
2809,People,Machine Learning Engineer
2810,People,Web Developer
2811,People,Systems Administrator
2812,People,Database Administrator
2813,People,Hardware Engineer
2814,People,Electronics Technician
2815,People,Drafter
2816,People,CAD Designer
2817,People,Quality Control Inspector
2818,People,Manufacturing Technician
2819,People,R&D Engineer
2820,People,Test Engineer
2821,People,Pilot (Test or Research)
2822,People,Lab Manager
2823,People,Cleanroom Technician
2824,People,Drone Operator
2825,People,AV Technician
2826,People,Broadcast Technician
2827,People,Police Officer
2828,People,Sheriff
2829,People,Deputy Sheriff
2830,People,State Trooper
2831,People,Highway Patrol Officer
2832,People,Corrections Officer
2833,People,Parole Officer
2834,People,Security Guard
2835,People,Bodyguard
2836,People,Bailiff
2837,People,Firefighter
2838,People,Hazmat Technician
2839,People,K9 Handler
2840,People,SWAT Officer
2841,People,Bomb Squad Technician
2842,People,Border Patrol Agent
2843,People,Customs Officer
2844,People,Immigration Officer
2845,People,Coast Guard Officer
2846,People,Lifeguard
2847,People,Park Ranger
2848,People,Game Warden
2849,People,Judge
2850,People,Lawyer
2851,People,Prosecutor
2852,People,Defense Attorney
2853,People,Public Defender
2854,People,Paralegal
2855,People,Court Clerk
2856,People,Court Reporter
2857,People,Mediator
2858,People,Arbitrator
2859,People,Forensic Scientist
2860,People,Crime Scene Investigator
2861,People,Detective
2862,People,Private Investigator
2863,People,Actor
2864,People,Stunt Performer
2865,People,Musician
2866,People,Singer
2867,People,DJ
2868,People,Conductor
2869,People,Orchestra Musician
2870,People,Dancer
2871,People,Choreographer
2872,People,Painter
2873,People,Sculptor
2874,People,Photographer
2875,People,Cinematographer
2876,People,Camera Operator
2877,People,Video Editor
2878,People,Sound Engineer
2879,People,Boom Operator
2880,People,Lighting Technician
2881,People,Stagehand
2882,People,Stage Manager
2883,People,Set Designer
2884,People,Costume Designer
2885,People,Makeup Artist
2886,People,Hair Stylist
2887,People,Fashion Designer
2888,People,Model
2889,People,TV News Anchor
2890,People,Reporter
2891,People,Journalist
2892,People,Radio Host
2893,People,Podcaster
2894,People,Producer
2895,People,Director
2896,People,Film Crew Member
2897,People,Animator
2898,People,Voice Actor
2899,People,Cartoonist
2900,People,Comedian
2901,People,Magician
2902,People,Street Performer
2903,People,Circus Performer
2904,People,Ringmaster
2905,People,Ventriloquist
2906,People,Puppeteer
2907,People,Event Host
2908,People,Master of Ceremonies
2909,People,Esports Player
2910,People,Streamer
2911,People,Gamer Commentator
2912,People,Administrative Assistant
2913,People,Office Clerk
2914,People,Data Entry Clerk
2915,People,Secretary
2916,People,Executive Assistant
2917,People,Office Manager
2918,People,Scheduler
2919,People,Appointment Coordinator
2920,People,Front Desk Attendant
2921,People,Call Center Agent
2922,People,Customer Service Representative
2923,People,Mailroom Clerk
2924,People,Courier
2925,People,File Clerk
2926,People,Records Clerk
2927,People,Transcriptionist
2928,People,Switchboard Operator
2929,People,Billing Clerk
2930,People,Accounting Clerk
2931,People,Payroll Clerk
2932,People,Human Resources Assistant
2933,People,Benefits Coordinator
2934,People,Training Coordinator
2935,People,Office Support Staff
2936,People,Document Scanner Operator
2937,People,Notary Public
2938,People,Office Runner
2939,People,Greeter
2940,People,Information Desk Attendant
2941,People,Accountant
2942,People,Auditor
2943,People,Bookkeeper
2944,People,Financial Analyst
2945,People,Investment Banker
2946,People,Trader
2947,People,Wealth Manager
2948,People,Financial Advisor
2949,People,Loan Officer
2950,People,Mortgage Broker
2951,People,Bank Teller
2952,People,Branch Manager
2953,People,Insurance Agent
2954,People,Claims Adjuster
2955,People,Actuary
2956,People,Tax Preparer
2957,People,Payroll Specialist
2958,People,Budget Analyst
2959,People,Procurement Specialist
2960,People,Purchasing Agent
2961,People,Supply Chain Analyst
2962,People,Logistics Coordinator
2963,People,Operations Manager
2964,People,Business Analyst
2965,People,Project Manager
2966,People,Scrum Master
2967,People,Product Manager
2968,People,Management Consultant
2969,People,Business Consultant
2970,People,Entrepreneur
2971,People,Startup Founder
2972,People,Venture Capitalist
2973,People,Private Equity Analyst
2974,People,Real Estate Agent
2975,People,Property Manager
2976,People,Leasing Agent
2977,People,Franchise Owner
2978,People,Sales Representative
2979,People,Account Manager
2980,People,Marketing Specialist
2981,People,Brand Manager
2982,People,Public Relations Specialist
2983,People,Fundraiser
2984,People,Grants Manager
2985,People,Nonprofit Program Manager
2986,People,Construction Worker
2987,People,General Contractor
2988,People,Foreman
2989,People,Site Supervisor
2990,People,Architect
2991,People,Surveyor
2992,People,Heavy Equipment Operator
2993,People,Crane Operator
2994,People,Forklift Operator
2995,People,Excavator Operator
2996,People,Bulldozer Operator
2997,People,Backhoe Operator
2998,People,Concrete Worker
2999,People,Cement Mason
